{
"type": "FeatureCollection",
"name": "Desa_Cimenteng",
"crs": { "type": "name", "properties": { "name": "urn:ogc:def:crs:EPSG::9518" } },
"features": [
{ "type": "Feature", "properties": { "NAMOBJ": "Cimenteng", "FCODE": "BA03070040", "REMARK": "", "METADATA": "TASWIL1000020230928_DATA_BATAS_DESAKELURAHAN", "SRS_ID": "SRGI 2013", "KDBBPS": null, "KDCBPS": null, "KDCPUM": "32.02.42", "KDEBPS": null, "KDEPUM": "32.02.42.2002", "KDPBPS": null, "KDPKAB": "32.02", "KDPPUM": "32", "LUASWH": 408.37396872549385, "TIPADM": 1.0, "WADMKC": "Curugkembar", "WADMKD": "Cimenteng", "WADMKK": "Sukabumi", "WADMPR": "Jawa Barat", "WIADKC": null, "WIADKK": null, "WIADPR": null, "WIADKD": null, "UUPP": "Hasil Delineasi Batas Desa 2017", "Shape_Length": 0.11276534419695729, "Shape_Area": 0.00033433978990487107 }, "geometry": { "type": "MultiPolygon", "coordinates": [ [ [ [ 106.932610729000032, -7.193276787999935, 0.0 ], [ 106.932634524000036, -7.193557564999935, 0.0 ], [ 106.932601212000066, -7.193681296999955, 0.0 ], [ 106.932548863000079, -7.193824063999955, 0.0 ], [ 106.932525069000064, -7.19394303699994, 0.0 ], [ 106.932548863000079, -7.194109599999933, 0.0 ], [ 106.932548863000079, -7.194233331999953, 0.0 ], [ 106.932548863000079, -7.194418928999937, 0.0 ], [ 106.93256314000007, -7.194575973999974, 0.0 ], [ 106.932567899000048, -7.194723499999952, 0.0 ], [ 106.932567899000048, -7.19485199099995, 0.0 ], [ 106.932577417000061, -7.194966205999947, 0.0 ], [ 106.932586935000074, -7.195061383999928, 0.0 ], [ 106.932620247000045, -7.195218427999976, 0.0 ], [ 106.932634524000036, -7.195365954999943, 0.0 ], [ 106.932639283000071, -7.195494445999941, 0.0 ], [ 106.932620247000045, -7.19560390099997, 0.0 ], [ 106.932591694000052, -7.195675284999936, 0.0 ], [ 106.932525069000064, -7.19584184699994, 0.0 ], [ 106.932506033000038, -7.195932266999932, 0.0 ], [ 106.932463203000054, -7.196098828999936, 0.0 ], [ 106.932444167000085, -7.196222560999956, 0.0 ], [ 106.93243940800005, -7.19632725699995, 0.0 ], [ 106.93243940800005, -7.196431952999944, 0.0 ], [ 106.932415614000035, -7.196517613999958, 0.0 ], [ 106.932372783000062, -7.196603274999973, 0.0 ], [ 106.93223477500004, -7.196698452999954, 0.0 ], [ 106.932096766000086, -7.196769836999977, 0.0 ], [ 106.932020623000085, -7.196826943999952, 0.0 ], [ 106.931958757000075, -7.19689356899994, 0.0 ], [ 106.931934962000071, -7.196974470999976, 0.0 ], [ 106.931949239000062, -7.197041095999964, 0.0 ], [ 106.931973034000066, -7.197164826999938, 0.0 ], [ 106.931977793000044, -7.197264764999943, 0.0 ], [ 106.931944480000084, -7.197374219999972, 0.0 ], [ 106.931877855000039, -7.197483674999944, 0.0 ], [ 106.931815989000086, -7.197593129999973, 0.0 ], [ 106.931749364000041, -7.197731138999927, 0.0 ], [ 106.931687498000088, -7.197826317999954, 0.0 ], [ 106.931563767000057, -7.197950049999974, 0.0 ], [ 106.931463829000052, -7.198026191999929, 0.0 ], [ 106.931416240000033, -7.198059504999947, 0.0 ], [ 106.931335338000054, -7.198126129999935, 0.0 ], [ 106.931216365000068, -7.198259379999968, 0.0 ], [ 106.931111669000074, -7.198387869999976, 0.0 ], [ 106.930788062000033, -7.198659128999964, 0.0 ], [ 106.930697643000087, -7.198782860999927, 0.0 ], [ 106.930616741000051, -7.198897074999934, 0.0 ], [ 106.93052156300007, -7.199044601999958, 0.0 ], [ 106.930473973000062, -7.19912074399997, 0.0 ], [ 106.93028571800005, -7.199197283999979, 0.0 ], [ 106.930160797000042, -7.199227026999949, 0.0 ], [ 106.930089413000076, -7.199268667999945, 0.0 ], [ 106.930035875000044, -7.19935789699997, 0.0 ], [ 106.93001208000004, -7.199459023999964, 0.0 ], [ 106.929914052000072, -7.199585325999976, 0.0 ], [ 106.929835530000048, -7.199713816999974, 0.0 ], [ 106.929685624000058, -7.199935106999931, 0.0 ], [ 106.929571410000051, -7.200013628999955, 0.0 ], [ 106.929435781000052, -7.200092150999978, 0.0 ], [ 106.929100277000089, -7.200156396999944, 0.0 ], [ 106.929000339000083, -7.200163534999945, 0.0 ], [ 106.928921817000059, -7.200177811999936, 0.0 ], [ 106.928836157000035, -7.200220641999977, 0.0 ], [ 106.928771911000069, -7.200277748999952, 0.0 ], [ 106.928743358000077, -7.200363409999966, 0.0 ], [ 106.928736219000086, -7.200463346999925, 0.0 ], [ 106.928721943000085, -7.200577560999932, 0.0 ], [ 106.928700527000046, -7.200677498999937, 0.0 ], [ 106.92863628200007, -7.200791712999944, 0.0 ], [ 106.928550621000056, -7.200913064999952, 0.0 ], [ 106.928479237000033, -7.200991587999965, 0.0 ], [ 106.928322193000042, -7.201077247999933, 0.0 ], [ 106.928243671000075, -7.201120078999963, 0.0 ], [ 106.928179425000053, -7.201120078999963, 0.0 ], [ 106.927901028000065, -7.201091524999981, 0.0 ], [ 106.927786814000058, -7.201027279999948, 0.0 ], [ 106.927636908000068, -7.200977310999974, 0.0 ], [ 106.927494141000068, -7.200970172999973, 0.0 ], [ 106.927351373000079, -7.201005863999967, 0.0 ], [ 106.92721574400008, -7.201112939999973, 0.0 ], [ 106.927072976000034, -7.201148631999956, 0.0 ], [ 106.926930208000044, -7.201155770999947, 0.0 ], [ 106.926716057000078, -7.201127216999964, 0.0 ], [ 106.926473352000073, -7.201655456999958, 0.0 ], [ 106.926601843000071, -7.20167687199995, 0.0 ], [ 106.926716057000078, -7.201762532999965, 0.0 ], [ 106.926787441000045, -7.20181963999994, 0.0 ], [ 106.926901655000052, -7.201848193999979, 0.0 ], [ 106.92703014600005, -7.201848193999979, 0.0 ], [ 106.927108668000074, -7.20182677899993, 0.0 ], [ 106.927244297000072, -7.20182677899993, 0.0 ], [ 106.927465587000086, -7.201869608999971, 0.0 ], [ 106.92765832300006, -7.201905300999954, 0.0 ], [ 106.92781536800004, -7.201976684999977, 0.0 ], [ 106.927986689000079, -7.202069483999935, 0.0 ], [ 106.928236532000085, -7.202197973999944, 0.0 ], [ 106.928614867000078, -7.202412125999956, 0.0 ], [ 106.928786188000061, -7.202512062999972, 0.0 ], [ 106.928900402000068, -7.202569169999947, 0.0 ], [ 106.929043170000057, -7.202733352999928, 0.0 ], [ 106.929200214000048, -7.202819013999942, 0.0 ], [ 106.929400089000069, -7.202876120999974, 0.0 ], [ 106.92955713300006, -7.202911812999957, 0.0 ], [ 106.929785562000063, -7.202933227999949, 0.0 ], [ 106.929982859000063, -7.202930649999928, 0.0 ], [ 106.930131575000075, -7.202865214999974, 0.0 ], [ 106.930339778000075, -7.202781933999972, 0.0 ], [ 106.930434956000056, -7.202912803999936, 0.0 ], [ 106.930482545000075, -7.203031776999978, 0.0 ], [ 106.930482545000075, -7.203121006999936, 0.0 ], [ 106.930387367000037, -7.203412490999938, 0.0 ], [ 106.930298137000079, -7.203590950999967, 0.0 ], [ 106.930238651000082, -7.203757512999971, 0.0 ], [ 106.930197010000086, -7.20390028099996, 0.0 ], [ 106.930083986000056, -7.204090636999979, 0.0 ], [ 106.92997691000005, -7.204322634999926, 0.0 ], [ 106.929923372000076, -7.204441607999968, 0.0 ], [ 106.929917423000063, -7.204558200999941, 0.0 ], [ 106.929879352000057, -7.204615308999962, 0.0 ], [ 106.929855557000053, -7.204662897999981, 0.0 ], [ 106.92982700400006, -7.204715245999978, 0.0 ], [ 106.929812727000069, -7.204815182999937, 0.0 ], [ 106.929812727000069, -7.204862771999956, 0.0 ], [ 106.929793691000043, -7.205205414999966, 0.0 ], [ 106.929779415000041, -7.205343423999977, 0.0 ], [ 106.929755620000037, -7.205529021999951, 0.0 ], [ 106.929755620000037, -7.205667029999972, 0.0 ], [ 106.929755620000037, -7.205724136999947, 0.0 ], [ 106.929746102000081, -7.205790761999936, 0.0 ], [ 106.929688995000049, -7.205847868999967, 0.0 ], [ 106.929636647000052, -7.20587642299995, 0.0 ], [ 106.929593817000068, -7.205900216999964, 0.0 ], [ 106.929550986000038, -7.205933529999925, 0.0 ], [ 106.92954622700006, -7.206009672999926, 0.0 ], [ 106.92954622700006, -7.206066779999958, 0.0 ], [ 106.92954622700006, -7.206161957999939, 0.0 ], [ 106.929541469000071, -7.206285689999959, 0.0 ], [ 106.929479603000061, -7.206471287999932, 0.0 ], [ 106.929470085000048, -7.206537912999977, 0.0 ], [ 106.929470085000048, -7.206628332999969, 0.0 ], [ 106.929503397000076, -7.206742546999976, 0.0 ], [ 106.929531951000058, -7.20684724299997, 0.0 ], [ 106.92954622700006, -7.206970974999933, 0.0 ], [ 106.92954622700006, -7.207080429999962, 0.0 ], [ 106.929550986000038, -7.20720892099996, 0.0 ], [ 106.929565263000086, -7.207308857999976, 0.0 ], [ 106.929589058000033, -7.207380241999942, 0.0 ], [ 106.929622370000061, -7.207456384999944, 0.0 ], [ 106.929712790000053, -7.207508732999941, 0.0 ], [ 106.929855557000053, -7.207603911999968, 0.0 ], [ 106.929993566000064, -7.207708607999962, 0.0 ], [ 106.930131320000044, -7.207841989999963, 0.0 ], [ 106.930131320000044, -7.207899096999938, 0.0 ], [ 106.930106336000051, -7.207984757999952, 0.0 ], [ 106.930056367000077, -7.208056141999975, 0.0 ], [ 106.929981414000054, -7.208120386999951, 0.0 ], [ 106.929910030000087, -7.208191770999974, 0.0 ], [ 106.92979581600008, -7.208270292999941, 0.0 ], [ 106.929670894000083, -7.208334538999964, 0.0 ], [ 106.929567388000066, -7.208380937999948, 0.0 ], [ 106.929488866000042, -7.208384506999948, 0.0 ], [ 106.929278283000087, -7.208384506999948, 0.0 ], [ 106.929039148000072, -7.208388076999938, 0.0 ], [ 106.928464508000047, -7.208363091999956, 0.0 ], [ 106.928403831000082, -7.208363091999956, 0.0 ], [ 106.928332448000049, -7.208377368999948, 0.0 ], [ 106.928275341000074, -7.20840949199993, 0.0 ], [ 106.928107589000035, -7.208555828999977, 0.0 ], [ 106.927918421000072, -7.208695026999976, 0.0 ], [ 106.927693562000059, -7.208898470999941, 0.0 ], [ 106.927593625000043, -7.20903766899994, 0.0 ], [ 106.927554364000059, -7.209126898999955, 0.0 ], [ 106.92756507100006, -7.209198282999978, 0.0 ], [ 106.927586487000042, -7.209266097999944, 0.0 ], [ 106.927629317000083, -7.209341050999967, 0.0 ], [ 106.927700701000049, -7.209426710999935, 0.0 ], [ 106.927986236000038, -7.20951950999995, 0.0 ], [ 106.928153988000076, -7.209576616999925, 0.0 ], [ 106.928271771000084, -7.209601601999964, 0.0 ], [ 106.928300325000066, -7.209605170999964, 0.0 ], [ 106.928361001000042, -7.209615878999955, 0.0 ], [ 106.928396693000082, -7.209644431999948, 0.0 ], [ 106.928410970000073, -7.209737230999963, 0.0 ], [ 106.928407401000072, -7.20981932199993, 0.0 ], [ 106.928382416000034, -7.209894274999954, 0.0 ], [ 106.928353863000041, -7.209951382999975, 0.0 ], [ 106.928293187000065, -7.210015627999951, 0.0 ], [ 106.928236079000044, -7.210054888999935, 0.0 ], [ 106.928164696000067, -7.210111995999966, 0.0 ], [ 106.928104019000045, -7.210176241999932, 0.0 ], [ 106.92804334300007, -7.210254763999956, 0.0 ], [ 106.927986236000038, -7.21034399399997, 0.0 ], [ 106.927946975000054, -7.210436792999928, 0.0 ], [ 106.927932698000063, -7.210508175999962, 0.0 ], [ 106.927929129000063, -7.210586698999975, 0.0 ], [ 106.927929129000063, -7.210686635999934, 0.0 ], [ 106.927929129000063, -7.210800849999941, 0.0 ], [ 106.927911283000071, -7.210865095999964, 0.0 ], [ 106.927875591000088, -7.210907925999948, 0.0 ], [ 106.927822053000057, -7.210950755999932, 0.0 ], [ 106.927729254000042, -7.211004293999963, 0.0 ], [ 106.927597194000043, -7.211107800999969, 0.0 ], [ 106.927550795000059, -7.211197029999937, 0.0 ], [ 106.927550795000059, -7.211261275999959, 0.0 ], [ 106.927572210000051, -7.211343366999927, 0.0 ], [ 106.927611471000034, -7.211400473999959, 0.0 ], [ 106.927743531000033, -7.21156822599994, 0.0 ], [ 106.927921991000062, -7.211800223999944, 0.0 ], [ 106.927968390000046, -7.211857330999976, 0.0 ], [ 106.928029066000079, -7.211953698999935, 0.0 ], [ 106.928082604000053, -7.21205006699995, 0.0 ], [ 106.928114727000036, -7.212157142999956, 0.0 ], [ 106.928111158000036, -7.212257079999972, 0.0 ], [ 106.928089743000044, -7.212339171999929, 0.0 ], [ 106.928054051000061, -7.212453385999936, 0.0 ], [ 106.927968390000046, -7.212613998999927, 0.0 ], [ 106.927886299000079, -7.212731782999981, 0.0 ], [ 106.927811346000055, -7.212821011999949, 0.0 ], [ 106.927725685000041, -7.212849565999932, 0.0 ], [ 106.927657870000075, -7.212838857999941, 0.0 ], [ 106.92756864100005, -7.212799596999957, 0.0 ], [ 106.927507964000085, -7.212742489999926, 0.0 ], [ 106.92741159600007, -7.212663967999958, 0.0 ], [ 106.927365197000086, -7.212621137999975, 0.0 ], [ 106.927325936000045, -7.212546184999951, 0.0 ], [ 106.927315228000055, -7.212439108999945, 0.0 ], [ 106.927304520000064, -7.212374863999969, 0.0 ], [ 106.927279536000071, -7.212321325999937, 0.0 ], [ 106.927243844000088, -7.212282064999954, 0.0 ], [ 106.927168891000065, -7.212271356999963, 0.0 ], [ 106.927040400000067, -7.212289202999955, 0.0 ], [ 106.926969016000044, -7.212321325999937, 0.0 ], [ 106.926840526000035, -7.212360586999978, 0.0 ], [ 106.926751296000077, -7.212406985999962, 0.0 ], [ 106.926679912000054, -7.212449816999936, 0.0 ], [ 106.92662994300008, -7.212506923999968, 0.0 ], [ 106.926562129000047, -7.212578306999944, 0.0 ], [ 106.926554990000056, -7.212628275999975, 0.0 ], [ 106.926579975000038, -7.21268538299995, 0.0 ], [ 106.926604959000088, -7.212728213999981, 0.0 ], [ 106.926654928000062, -7.212771043999965, 0.0 ], [ 106.926701327000046, -7.212803166999947, 0.0 ], [ 106.92677984900007, -7.212874549999981, 0.0 ], [ 106.926876218000075, -7.21298162599993, 0.0 ], [ 106.926976155000034, -7.21316365499996, 0.0 ], [ 106.927040400000067, -7.213309991999949, 0.0 ], [ 106.927061815000059, -7.213377805999926, 0.0 ], [ 106.927065385000049, -7.213520573999972, 0.0 ], [ 106.927065385000049, -7.213641926999969, 0.0 ], [ 106.927061815000059, -7.213834662999943, 0.0 ], [ 106.927058246000058, -7.213984568999933, 0.0 ], [ 106.92707609200005, -7.214155889999972, 0.0 ], [ 106.92708323100004, -7.214237981999929, 0.0 ], [ 106.927101077000088, -7.21427367299998, 0.0 ], [ 106.927143907000072, -7.214309364999963, 0.0 ], [ 106.927186737000056, -7.214327210999954, 0.0 ], [ 106.92726882900007, -7.214327210999954, 0.0 ], [ 106.927361628000085, -7.214302226999962, 0.0 ], [ 106.927400889000069, -7.21428438099997, 0.0 ], [ 106.927504395000085, -7.214227273999938, 0.0 ], [ 106.927597194000043, -7.214159458999973, 0.0 ], [ 106.927689993000058, -7.21409521399994, 0.0 ], [ 106.927775654000072, -7.214052383999956, 0.0 ], [ 106.927839899000048, -7.214027398999974, 0.0 ], [ 106.927882730000078, -7.214030967999975, 0.0 ], [ 106.927914852000072, -7.214052383999956, 0.0 ], [ 106.927939837000054, -7.21408807499995, 0.0 ], [ 106.927968390000046, -7.214145182999971, 0.0 ], [ 106.927996944000085, -7.214227273999938, 0.0 ], [ 106.928036205000069, -7.214327210999954, 0.0 ], [ 106.928061189000061, -7.214420009999969, 0.0 ], [ 106.928086173000054, -7.214448563999952, 0.0 ], [ 106.928129004000084, -7.214480686999934, 0.0 ], [ 106.928228941000043, -7.214527085999975, 0.0 ], [ 106.928293187000065, -7.214555639999958, 0.0 ], [ 106.928361001000042, -7.214591330999951, 0.0 ], [ 106.928407401000072, -7.214619884999934, 0.0 ], [ 106.928443093000055, -7.214652007999973, 0.0 ], [ 106.928471646000048, -7.214705545999948, 0.0 ], [ 106.928496630000041, -7.21476265299998, 0.0 ], [ 106.928507338000088, -7.214830466999956, 0.0 ], [ 106.928507338000088, -7.214937542999962, 0.0 ], [ 106.928500200000087, -7.214994649999937, 0.0 ], [ 106.928496630000041, -7.215069602999961, 0.0 ], [ 106.92848949200004, -7.215119571999935, 0.0 ], [ 106.928460939000047, -7.215194524999959, 0.0 ], [ 106.928428816000064, -7.215251631999934, 0.0 ], [ 106.928389555000081, -7.215305169999965, 0.0 ], [ 106.928361001000042, -7.215372983999941, 0.0 ], [ 106.928361001000042, -7.215419383999972, 0.0 ], [ 106.928368140000089, -7.215469352999946, 0.0 ], [ 106.928378847000033, -7.21554787499997, 0.0 ], [ 106.928382416000034, -7.215604981999945, 0.0 ], [ 106.928393124000081, -7.215658519999977, 0.0 ], [ 106.928396693000082, -7.215715626999952, 0.0 ], [ 106.928372898000077, -7.215776302999927, 0.0 ], [ 106.928363381000054, -7.215831030999937, 0.0 ], [ 106.928332448000049, -7.215926208999974, 0.0 ], [ 106.928315791000045, -7.215980936999927, 0.0 ], [ 106.92828485800004, -7.21605945899995, 0.0 ], [ 106.92827772000004, -7.216080873999942, 0.0 ], [ 106.928265823000061, -7.216142739999952, 0.0 ], [ 106.928265823000061, -7.216199846999928, 0.0 ], [ 106.92827772000004, -7.216249815999959, 0.0 ], [ 106.928296756000066, -7.216285507999942, 0.0 ], [ 106.928327689000071, -7.216321199999925, 0.0 ], [ 106.928365760000077, -7.216373547999979, 0.0 ], [ 106.928387175000069, -7.216418757999975, 0.0 ], [ 106.928420488000086, -7.216473484999938, 0.0 ], [ 106.928453800000057, -7.216535350999948, 0.0 ], [ 106.928491872000052, -7.21659959699997, 0.0 ], [ 106.928541840000037, -7.216673359999959, 0.0 ], [ 106.928591809000068, -7.216737604999935, 0.0 ], [ 106.928617983000038, -7.216787573999966, 0.0 ], [ 106.928627501000051, -7.216882751999947, 0.0 ], [ 106.928625121000039, -7.216927961999943, 0.0 ], [ 106.928615604000072, -7.216973171999939, 0.0 ], [ 106.928615604000072, -7.217044555999962, 0.0 ], [ 106.928627501000051, -7.217123077999929, 0.0 ], [ 106.928641778000042, -7.217161148999935, 0.0 ], [ 106.928672711000047, -7.21719208199994, 0.0 ], [ 106.928706023000075, -7.217208738999943, 0.0 ], [ 106.928748853000059, -7.21722777399998, 0.0 ], [ 106.928791684000032, -7.217270604999953, 0.0 ], [ 106.92882499600006, -7.21731581399996, 0.0 ], [ 106.928858309000077, -7.217368161999957, 0.0 ], [ 106.928882103000035, -7.217422889999966, 0.0 ], [ 106.92888686200007, -7.217468099999962, 0.0 ], [ 106.92888686200007, -7.217525206999937, 0.0 ], [ 106.928874965000034, -7.21758945199997, 0.0 ], [ 106.928848791000064, -7.21762276499993, 0.0 ], [ 106.928789304000077, -7.21765131799998, 0.0 ], [ 106.92870126400004, -7.21767749199995, 0.0 ], [ 106.928658434000056, -7.217691768999941, 0.0 ], [ 106.928582291000055, -7.217715563999946, 0.0 ], [ 106.928508528000066, -7.217746496999951, 0.0 ], [ 106.928437144000043, -7.217784567999956, 0.0 ], [ 106.928291997000088, -7.217911868999977, 0.0 ], [ 106.928199793000033, -7.218033816999935, 0.0 ], [ 106.928155178000054, -7.218152789999976, 0.0 ], [ 106.928122460000054, -7.218277710999928, 0.0 ], [ 106.928116512000088, -7.21839668399997, 0.0 ], [ 106.928125435000084, -7.218474016999949, 0.0 ], [ 106.928158152000037, -7.218551348999938, 0.0 ], [ 106.928214664000052, -7.218640578999953, 0.0 ], [ 106.928280100000052, -7.218750628999942, 0.0 ], [ 106.928366355000037, -7.21887555099994, 0.0 ], [ 106.928449636000039, -7.219077804999927, 0.0 ], [ 106.928506148000054, -7.219294930999979, 0.0 ], [ 106.928550763000032, -7.219654824999964, 0.0 ], [ 106.928550763000032, -7.219919539999978, 0.0 ], [ 106.928550763000032, -7.220017691999942, 0.0 ], [ 106.928562661000058, -7.220053383999925, 0.0 ], [ 106.928577532000077, -7.220086101999925, 0.0 ], [ 106.928607275000047, -7.220112870999969, 0.0 ], [ 106.928639993000047, -7.220130716999961, 0.0 ], [ 106.928699480000034, -7.220151536999936, 0.0 ], [ 106.928770863000068, -7.220154510999976, 0.0 ], [ 106.928806555000051, -7.220154510999976, 0.0 ], [ 106.92891660500004, -7.22014261399994, 0.0 ], [ 106.928999886000042, -7.220151536999936, 0.0 ], [ 106.929038553000055, -7.220166408999944, 0.0 ], [ 106.929080193000061, -7.220190202999959, 0.0 ], [ 106.92912480800004, -7.220219945999929, 0.0 ], [ 106.929154551000067, -7.220279432999973, 0.0 ], [ 106.929178346000072, -7.220315124999956, 0.0 ], [ 106.929202141000076, -7.220344867999927, 0.0 ], [ 106.929231884000046, -7.220425174999946, 0.0 ], [ 106.92925567900005, -7.220484661999933, 0.0 ], [ 106.929270550000069, -7.220535224999935, 0.0 ], [ 106.929282447000048, -7.220621480999966, 0.0 ], [ 106.929279473000065, -7.220695838999973, 0.0 ], [ 106.929273524000052, -7.220785067999941, 0.0 ], [ 106.929252704000078, -7.22086537499996, 0.0 ], [ 106.929228910000063, -7.220939732999966, 0.0 ], [ 106.929202141000076, -7.221020039999928, 0.0 ], [ 106.929166449000036, -7.22116875699993, 0.0 ], [ 106.929139680000048, -7.22123716599998, 0.0 ], [ 106.929118860000074, -7.221281780999959, 0.0 ], [ 106.929068296000082, -7.221317472999942, 0.0 ], [ 106.928970143000072, -7.221368035999944, 0.0 ], [ 106.928907682000045, -7.221397779999961, 0.0 ], [ 106.928889836000053, -7.221427522999932, 0.0 ], [ 106.928889836000053, -7.221475111999951, 0.0 ], [ 106.928898759000049, -7.221513777999974, 0.0 ], [ 106.92891660500004, -7.221564341999965, 0.0 ], [ 106.928931477000049, -7.221600033999948, 0.0 ], [ 106.92895229700008, -7.221644648999927, 0.0 ], [ 106.928973118000044, -7.22171603299995, 0.0 ], [ 106.928987989000063, -7.221769569999935, 0.0 ], [ 106.929008809000038, -7.221894491999933, 0.0 ], [ 106.929008809000038, -7.221942080999952, 0.0 ], [ 106.929005835000055, -7.222028336999927, 0.0 ], [ 106.928987989000063, -7.222102694999933, 0.0 ], [ 106.928961220000076, -7.222180026999979, 0.0 ], [ 106.928937426000061, -7.222242487999949, 0.0 ], [ 106.92891958000007, -7.222304948999977, 0.0 ], [ 106.928901734000078, -7.222379306999926, 0.0 ], [ 106.928889836000053, -7.222462587999928, 0.0 ], [ 106.928889836000053, -7.222575612999947, 0.0 ], [ 106.928895785000066, -7.222632124999961, 0.0 ], [ 106.928925528000036, -7.22270945799994, 0.0 ], [ 106.928946349000057, -7.222742174999951, 0.0 ], [ 106.928976092000084, -7.222816532999957, 0.0 ], [ 106.929014758000051, -7.222896839999976, 0.0 ], [ 106.929059373000086, -7.222997966999969, 0.0 ], [ 106.929136705000076, -7.223152631999938, 0.0 ], [ 106.92916050000008, -7.223203195999929, 0.0 ], [ 106.929163474000063, -7.223247810999965, 0.0 ], [ 106.92915752600004, -7.223298373999967, 0.0 ], [ 106.92915752600004, -7.223351911999941, 0.0 ], [ 106.929148603000044, -7.223426269999948, 0.0 ], [ 106.929148603000044, -7.223479807999979, 0.0 ], [ 106.929148603000044, -7.223595806999981, 0.0 ], [ 106.929136705000076, -7.223661241999935, 0.0 ], [ 106.929071270000065, -7.223801034999951, 0.0 ], [ 106.929020707000063, -7.223866469999962, 0.0 ], [ 106.928964195000049, -7.223911084999941, 0.0 ], [ 106.928901734000078, -7.223964622999972, 0.0 ], [ 106.92885414400007, -7.224024109999959, 0.0 ], [ 106.92880953000008, -7.224071698999978, 0.0 ], [ 106.928794658000072, -7.224128210999936, 0.0 ], [ 106.928800607000085, -7.224214466999967, 0.0 ], [ 106.928800607000085, -7.224309644999948, 0.0 ], [ 106.928797632000055, -7.224449437999965, 0.0 ], [ 106.928788709000059, -7.224627897999937, 0.0 ], [ 106.928761940000072, -7.224791485999958, 0.0 ], [ 106.928750043000036, -7.224883689999956, 0.0 ], [ 106.92871137700007, -7.224958047999962, 0.0 ], [ 106.928634044000034, -7.225097841999968, 0.0 ], [ 106.928559901000085, -7.225043694999954, 0.0 ], [ 106.928489945000081, -7.225010858999951, 0.0 ], [ 106.928432838000049, -7.22500514799998, 0.0 ], [ 106.928400001000057, -7.225009430999933, 0.0 ], [ 106.928284360000077, -7.225062254999955, 0.0 ], [ 106.928238674000056, -7.225103657999966, 0.0 ], [ 106.92817442900008, -7.225162191999971, 0.0 ], [ 106.928088768000066, -7.225264984999967, 0.0 ], [ 106.92798454800004, -7.22542773999993, 0.0 ], [ 106.927934579000066, -7.22548627499998, 0.0 ], [ 106.927894604000073, -7.225511972999925, 0.0 ], [ 106.927826075000041, -7.225540526999964, 0.0 ], [ 106.927764685000056, -7.225540526999964, 0.0 ], [ 106.927703295000072, -7.225530532999926, 0.0 ], [ 106.927587653000046, -7.225480563999952, 0.0 ], [ 106.927473439000039, -7.225410607999947, 0.0 ], [ 106.927312112000038, -7.22530495999996, 0.0 ], [ 106.927125086000046, -7.225183606999963, 0.0 ], [ 106.927047992000041, -7.22514363199997, 0.0 ], [ 106.926992312000039, -7.225127927999949, 0.0 ], [ 106.926870960000088, -7.225103657999966, 0.0 ], [ 106.92657543100006, -7.225063682999973, 0.0 ], [ 106.92624849300006, -7.225050832999955, 0.0 ], [ 106.925863020000065, -7.225030845999981, 0.0 ], [ 106.925700265000046, -7.225042266999935, 0.0 ], [ 106.925594617000058, -7.225065109999946, 0.0 ], [ 106.925460415000089, -7.225099373999967, 0.0 ], [ 106.925186301000053, -7.225217871999973, 0.0 ], [ 106.925088263000077, -7.225260148999951, 0.0 ], [ 106.924802256000078, -7.225383481999927, 0.0 ], [ 106.924323985000058, -7.225599060999969, 0.0 ], [ 106.924022745000059, -7.225669016999973, 0.0 ], [ 106.923770046000072, -7.225704708999956, 0.0 ], [ 106.923662970000066, -7.225683293999964, 0.0 ], [ 106.923604436000062, -7.225654740999971, 0.0 ], [ 106.923545901000068, -7.22560048899993, 0.0 ], [ 106.923500215000047, -7.225527676999945, 0.0 ], [ 106.923454530000072, -7.225404896999976, 0.0 ], [ 106.923423121000042, -7.225215015999936, 0.0 ], [ 106.923374580000086, -7.224895216999926, 0.0 ], [ 106.923387429000059, -7.224708190999934, 0.0 ], [ 106.923414555000079, -7.224519737999969, 0.0 ], [ 106.923454530000072, -7.22434127799994, 0.0 ], [ 106.923467379000044, -7.224249906999944, 0.0 ], [ 106.923471662000054, -7.224178522999978, 0.0 ], [ 106.923457385000063, -7.224114277999945, 0.0 ], [ 106.923424548000071, -7.224042893999979, 0.0 ], [ 106.923307479000073, -7.223814465999965, 0.0 ], [ 106.923124736000034, -7.223521791999929, 0.0 ], [ 106.92294342100007, -7.223323344999926, 0.0 ], [ 106.922810648000052, -7.223201991999929, 0.0 ], [ 106.922509408000053, -7.222955003999971, 0.0 ], [ 106.922343797000053, -7.222865060999936, 0.0 ], [ 106.922152489000041, -7.22278225499997, 0.0 ], [ 106.921994017000088, -7.222710871999936, 0.0 ], [ 106.921912639000084, -7.222646625999971, 0.0 ], [ 106.921799853000039, -7.222565248999956, 0.0 ], [ 106.921535732000052, -7.222381077999955, 0.0 ], [ 106.921350134000079, -7.222211184999935, 0.0 ], [ 106.921271612000055, -7.22213837299995, 0.0 ], [ 106.921223071000043, -7.222061278999945, 0.0 ], [ 106.921191662000069, -7.221991322999941, 0.0 ], [ 106.921175958000049, -7.221911372999955, 0.0 ], [ 106.921174530000087, -7.221841415999961, 0.0 ], [ 106.921200704000057, -7.221769318999975, 0.0 ], [ 106.921216171000083, -7.22169912499993, 0.0 ], [ 106.921214981000048, -7.221613463999972, 0.0 ], [ 106.921165012000074, -7.221508767999978, 0.0 ], [ 106.921029383000075, -7.221385035999958, 0.0 ], [ 106.920957999000052, -7.221337446999939, 0.0 ], [ 106.920919928000046, -7.221294615999966, 0.0 ], [ 106.920894943000064, -7.221238698999969, 0.0 ], [ 106.920865795000054, -7.221114371999931, 0.0 ], [ 106.920853898000075, -7.221037039999942, 0.0 ], [ 106.920806309000056, -7.220947809999927, 0.0 ], [ 106.920767642000044, -7.22089129799997, 0.0 ], [ 106.92069923300005, -7.22082288799993, 0.0 ], [ 106.92063379800004, -7.220742580999968, 0.0 ], [ 106.920571337000069, -7.220668222999961, 0.0 ], [ 106.920416672000044, -7.22043919999993, 0.0 ], [ 106.920305432000077, -7.220350564999933, 0.0 ], [ 106.920028820000084, -7.220169130999977, 0.0 ], [ 106.919918770000038, -7.220065029999944, 0.0 ], [ 106.919746259000078, -7.219904415999963, 0.0 ], [ 106.919680824000068, -7.219812211999965, 0.0 ], [ 106.919648106000068, -7.219708110999932, 0.0 ], [ 106.919630260000076, -7.21959508599997, 0.0 ], [ 106.919627286000036, -7.219467189999932, 0.0 ], [ 106.919636209000032, -7.219324422999932, 0.0 ], [ 106.919630260000076, -7.219217346999926, 0.0 ], [ 106.919594568000036, -7.219125142999928, 0.0 ], [ 106.91952318400007, -7.219012117999966, 0.0 ], [ 106.919466672000055, -7.218925862999981, 0.0 ], [ 106.919386365000037, -7.218809863999979, 0.0 ], [ 106.919332827000062, -7.218744428999969, 0.0 ], [ 106.919291187000056, -7.218723608999937, 0.0 ], [ 106.91921682900005, -7.21869683999995, 0.0 ], [ 106.919148419000066, -7.218690890999937, 0.0 ], [ 106.919059189000052, -7.218717659999925, 0.0 ], [ 106.919002677000037, -7.218738479999956, 0.0 ], [ 106.918856935000065, -7.218789043999948, 0.0 ], [ 106.918797449000067, -7.218827709999971, 0.0 ], [ 106.918708219000052, -7.218887196999958, 0.0 ], [ 106.918604117000086, -7.218997246999947, 0.0 ], [ 106.918505965000065, -7.219151911999973, 0.0 ], [ 106.918437555000082, -7.219199500999935, 0.0 ], [ 106.918381043000068, -7.219214372999943, 0.0 ], [ 106.91832155600008, -7.219214372999943, 0.0 ], [ 106.918232327000055, -7.21917868099996, 0.0 ], [ 106.918166891000055, -7.219140013999947, 0.0 ], [ 106.918101456000045, -7.219092424999928, 0.0 ], [ 106.918003303000035, -7.219000220999931, 0.0 ], [ 106.917961663000085, -7.218928836999964, 0.0 ], [ 106.917884330000049, -7.218809863999979, 0.0 ], [ 106.917845664000083, -7.218765248999944, 0.0 ], [ 106.917792126000052, -7.218723608999937, 0.0 ], [ 106.917717768000045, -7.218681967999942, 0.0 ], [ 106.917640436000056, -7.218640327999935, 0.0 ], [ 106.917569052000033, -7.21859868699994, 0.0 ], [ 106.917491719000054, -7.218557045999944, 0.0 ], [ 106.91743520700004, -7.218524328999933, 0.0 ], [ 106.917372746000069, -7.218479713999955, 0.0 ], [ 106.917316234000054, -7.218420226999967, 0.0 ], [ 106.91725972200004, -7.218363714999953, 0.0 ], [ 106.917212133000078, -7.218310176999978, 0.0 ], [ 106.917108031000055, -7.218220947999953, 0.0 ], [ 106.917003930000078, -7.218164434999949, 0.0 ], [ 106.916890905000059, -7.218137665999961, 0.0 ], [ 106.916831419000061, -7.218119820999959, 0.0 ], [ 106.916736241000081, -7.218107922999934, 0.0 ], [ 106.916655934000062, -7.21807520599998, 0.0 ], [ 106.916584550000039, -7.218027615999972, 0.0 ], [ 106.916528038000081, -7.217980026999953, 0.0 ], [ 106.916504243000077, -7.217893771999968, 0.0 ], [ 106.916504243000077, -7.21784618199996, 0.0 ], [ 106.916513166000072, -7.21776587599993, 0.0 ], [ 106.91653993500006, -7.217718285999979, 0.0 ], [ 106.916566704000047, -7.217614184999945, 0.0 ], [ 106.916566704000047, -7.217566595999926, 0.0 ], [ 106.916528038000081, -7.217456545999937, 0.0 ], [ 106.916456059000041, -7.21731258799997, 0.0 ], [ 106.916432264000036, -7.21723168699998, 0.0 ], [ 106.916425126000036, -7.217165061999935, 0.0 ], [ 106.916425126000036, -7.217067503999942, 0.0 ], [ 106.916408470000079, -7.217005637999932, 0.0 ], [ 106.916384675000074, -7.216955668999958, 0.0 ], [ 106.916332327000077, -7.216900941999938, 0.0 ], [ 106.916296635000037, -7.216862869999943, 0.0 ], [ 106.91623714900004, -7.216817659999947, 0.0 ], [ 106.916189559000088, -7.216786726999942, 0.0 ], [ 106.916122934000043, -7.216770070999928, 0.0 ], [ 106.91608724300005, -7.216760552999972, 0.0 ], [ 106.916008720000036, -7.216760552999972, 0.0 ], [ 106.915858814000046, -7.216784347999976, 0.0 ], [ 106.91579456900007, -7.216817659999947, 0.0 ], [ 106.915711288000068, -7.216884284999935, 0.0 ], [ 106.915639904000045, -7.216941391999967, 0.0 ], [ 106.91552093100006, -7.21701991499998, 0.0 ], [ 106.915344851000043, -7.217110333999926, 0.0 ], [ 106.915161632000036, -7.217200753999975, 0.0 ], [ 106.915056936000042, -7.217226927999945, 0.0 ], [ 106.914983173000053, -7.217229306999968, 0.0 ], [ 106.914921307000043, -7.217224547999933, 0.0 ], [ 106.914854682000055, -7.217186476999927, 0.0 ], [ 106.914802334000058, -7.217146025999966, 0.0 ], [ 106.914776160000088, -7.21710081599997, 0.0 ], [ 106.914764262000062, -7.217048467999973, 0.0 ], [ 106.91476188300004, -7.216981842999928, 0.0 ], [ 106.914766642000075, -7.216917597999952, 0.0 ], [ 106.914814231000037, -7.216779588999941, 0.0 ], [ 106.914833267000063, -7.216648718999977, 0.0 ], [ 106.914890374000038, -7.216244209999957, 0.0 ], [ 106.914909409000074, -7.215770697999972, 0.0 ], [ 106.91490465000004, -7.215380465999942, 0.0 ], [ 106.914895133000073, -7.215240077999965, 0.0 ], [ 106.914878476000069, -7.215197247999981, 0.0 ], [ 106.914849923000077, -7.21514727899995, 0.0 ], [ 106.914807093000036, -7.215113965999933, 0.0 ], [ 106.914749985000071, -7.215097309999976, 0.0 ], [ 106.914683361000073, -7.215080653999962, 0.0 ], [ 106.914633392000042, -7.215063997999948, 0.0 ], [ 106.914597700000058, -7.215033064999943, 0.0 ], [ 106.914576285000066, -7.214968818999978, 0.0 ], [ 106.914573905000054, -7.21486650199995, 0.0 ], [ 106.914578664000032, -7.214733252999963, 0.0 ], [ 106.914578664000032, -7.214621417999979, 0.0 ], [ 106.914547731000084, -7.214507203999972, 0.0 ], [ 106.914528696000048, -7.214447716999928, 0.0 ], [ 106.914495383000087, -7.214395368999931, 0.0 ], [ 106.914457312000081, -7.214371574999973, 0.0 ], [ 106.914385928000058, -7.214357297999925, 0.0 ], [ 106.914312165000069, -7.214357297999925, 0.0 ], [ 106.914231263000033, -7.21438823099993, 0.0 ], [ 106.914117049000083, -7.214421542999958, 0.0 ], [ 106.913998076000041, -7.214476270999967, 0.0 ], [ 106.913950487000079, -7.214469131999977, 0.0 ], [ 106.913900518000048, -7.214438198999972, 0.0 ], [ 106.913857688000064, -7.21438109199994, 0.0 ], [ 106.913852929000086, -7.214309708999963, 0.0 ], [ 106.913860067000087, -7.214219288999971, 0.0 ], [ 106.913879103000056, -7.214164560999961, 0.0 ], [ 106.913898138000036, -7.214093177999928, 0.0 ], [ 106.913907656000049, -7.214012275999949, 0.0 ], [ 106.913919554000074, -7.213852851999945, 0.0 ], [ 106.913905277000083, -7.213750534999974, 0.0 ], [ 106.913876723000044, -7.213714842999934, 0.0 ], [ 106.913819616000069, -7.213688668999964, 0.0 ], [ 106.913800580000043, -7.21364583899998, 0.0 ], [ 106.913795822000054, -7.213560177999966, 0.0 ], [ 106.913757750000059, -7.213012901999946, 0.0 ], [ 106.913714920000075, -7.212760678999928, 0.0 ], [ 106.913695884000049, -7.212713089999966, 0.0 ], [ 106.913662572000078, -7.212651223999956, 0.0 ], [ 106.913653054000065, -7.212608393999972, 0.0 ], [ 106.913648295000087, -7.21255128699994, 0.0 ], [ 106.913657813000043, -7.212503697999978, 0.0 ], [ 106.913686366000036, -7.212479902999974, 0.0 ], [ 106.91371016100004, -7.212465625999926, 0.0 ], [ 106.913748232000046, -7.212465625999926, 0.0 ], [ 106.913814857000034, -7.212465625999926, 0.0 ], [ 106.913876723000044, -7.212484661999952, 0.0 ], [ 106.913938589000054, -7.212556045999975, 0.0 ], [ 106.914005214000042, -7.212660741999969, 0.0 ], [ 106.914038527000059, -7.212713089999966, 0.0 ], [ 106.914071839000087, -7.212779714999954, 0.0 ], [ 106.914181294000059, -7.212836821999929, 0.0 ], [ 106.914243160000069, -7.212860616999933, 0.0 ], [ 106.914314544000035, -7.212860616999933, 0.0 ], [ 106.914400205000049, -7.212841580999964, 0.0 ], [ 106.914462071000059, -7.212808268999936, 0.0 ], [ 106.914490624000052, -7.212746402999926, 0.0 ], [ 106.914490624000052, -7.212655982999934, 0.0 ], [ 106.914457312000081, -7.212556045999975, 0.0 ], [ 106.914428758000042, -7.21248942099993, 0.0 ], [ 106.91438116900008, -7.212422795999942, 0.0 ], [ 106.914357374000076, -7.212356170999954, 0.0 ], [ 106.914357374000076, -7.212299063999978, 0.0 ], [ 106.914390687000036, -7.212222920999977, 0.0 ], [ 106.914400205000049, -7.212151536999954, 0.0 ], [ 106.914362133000054, -7.212075394999943, 0.0 ], [ 106.914333580000061, -7.212023046999946, 0.0 ], [ 106.914285991000042, -7.211946903999944, 0.0 ], [ 106.914271714000051, -7.211880278999956, 0.0 ], [ 106.914276473000086, -7.211813653999968, 0.0 ], [ 106.914343098000074, -7.211727992999954, 0.0 ], [ 106.914462071000059, -7.211628055999938, 0.0 ], [ 106.914623874000085, -7.211518600999966, 0.0 ], [ 106.91482374900005, -7.211333002999936, 0.0 ], [ 106.91490742600007, -7.211239608999961, 0.0 ], [ 106.914978810000036, -7.211186070999929, 0.0 ], [ 106.915014502000076, -7.211180121999973, 0.0 ], [ 106.91511562900007, -7.211192019999942, 0.0 ], [ 106.915222705000076, -7.21125150599994, 0.0 ], [ 106.915311935000034, -7.211340735999954, 0.0 ], [ 106.915377370000044, -7.211441862999948, 0.0 ], [ 106.915442805000055, -7.211513246999971, 0.0 ], [ 106.915508240000065, -7.211602476999929, 0.0 ], [ 106.91556177800004, -7.211626270999943, 0.0 ], [ 106.915728340000044, -7.211638168999968, 0.0 ], [ 106.915859211000054, -7.211578681999981, 0.0 ], [ 106.916019824000045, -7.211513246999971, 0.0 ], [ 106.916120952000085, -7.211406170999965, 0.0 ], [ 106.91617448900007, -7.211346684999967, 0.0 ], [ 106.91623992500007, -7.211299095999948, 0.0 ], [ 106.91631725700006, -7.211281249999956, 0.0 ], [ 106.916489768000076, -7.211245557999973, 0.0 ], [ 106.91662063800004, -7.211120635999976, 0.0 ], [ 106.916703920000089, -7.211001662999934, 0.0 ], [ 106.916757457000074, -7.21087079299997, 0.0 ], [ 106.916793149000057, -7.210751818999938, 0.0 ], [ 106.916834790000053, -7.210591205999947, 0.0 ], [ 106.91689427600005, -7.210496026999976, 0.0 ], [ 106.916953763000038, -7.210341361999951, 0.0 ], [ 106.916989455000078, -7.210252132999926, 0.0 ], [ 106.917025147000061, -7.210145056999977, 0.0 ], [ 106.91707273600008, -7.210085569999933, 0.0 ], [ 106.917161966000037, -7.210043929999927, 0.0 ], [ 106.917411809000043, -7.210032032999948, 0.0 ], [ 106.917548628000077, -7.210014186999956, 0.0 ], [ 106.917685447000054, -7.209984442999939, 0.0 ], [ 106.917768728000055, -7.209966596999948, 0.0 ], [ 106.917875804000062, -7.209930904999965, 0.0 ], [ 106.917911496000045, -7.20990711099995, 0.0 ], [ 106.917911496000045, -7.209859521999931, 0.0 ], [ 106.917905547000032, -7.209817880999935, 0.0 ], [ 106.917869855000049, -7.209609677999936, 0.0 ], [ 106.917863907000083, -7.20946096199998, 0.0 ], [ 106.917905547000032, -7.208955325999966, 0.0 ], [ 106.917994777000047, -7.208669790999977, 0.0 ], [ 106.918072110000082, -7.208419947999971, 0.0 ], [ 106.918089956000074, -7.208211744999971, 0.0 ], [ 106.918113750000089, -7.208051130999934, 0.0 ], [ 106.918113750000089, -7.20795000399994, 0.0 ], [ 106.918167288000063, -7.207854825999959, 0.0 ], [ 106.918208929000059, -7.207783441999936, 0.0 ], [ 106.918250569000065, -7.207718006999926, 0.0 ], [ 106.918274364000069, -7.207664468999951, 0.0 ], [ 106.918262466000044, -7.207587135999972, 0.0 ], [ 106.918232723000074, -7.207533597999941, 0.0 ], [ 106.918167288000063, -7.207462214999964, 0.0 ], [ 106.918078058000049, -7.207408676999933, 0.0 ], [ 106.917899599000066, -7.207325395999931, 0.0 ], [ 106.917733036000072, -7.207254011999964, 0.0 ], [ 106.917614063000087, -7.207182627999941, 0.0 ], [ 106.917560525000056, -7.207123140999954, 0.0 ], [ 106.917560525000056, -7.207051757999977, 0.0 ], [ 106.917620012000043, -7.206879246999961, 0.0 ], [ 106.917744934000041, -7.206563967999955, 0.0 ], [ 106.917875804000062, -7.206117818999928, 0.0 ], [ 106.917947188000085, -7.205808488999935, 0.0 ], [ 106.91795313700004, -7.205594337999969, 0.0 ], [ 106.917923393000081, -7.205427774999976, 0.0 ], [ 106.917810369000051, -7.205290955999942, 0.0 ], [ 106.917703293000045, -7.205225520999932, 0.0 ], [ 106.917536731000041, -7.205160085999978, 0.0 ], [ 106.91737611700006, -7.205112496999959, 0.0 ], [ 106.917274990000067, -7.205070855999963, 0.0 ], [ 106.917209555000056, -7.205029215999957, 0.0 ], [ 106.917120325000042, -7.204945934999955, 0.0 ], [ 106.917001352000057, -7.204773423999939, 0.0 ], [ 106.916935917000046, -7.204606860999945, 0.0 ], [ 106.916876430000059, -7.204499785999928, 0.0 ], [ 106.916793149000057, -7.204362966999952, 0.0 ], [ 106.916727714000046, -7.204238044999954, 0.0 ], [ 106.916668228000049, -7.204059584999925, 0.0 ], [ 106.916632536000066, -7.203898971999934, 0.0 ], [ 106.916614690000074, -7.203756203999944, 0.0 ], [ 106.916555203000087, -7.203506360999938, 0.0 ], [ 106.916501665000055, -7.203333849999979, 0.0 ], [ 106.916400538000062, -7.203131595999935, 0.0 ], [ 106.916311308000047, -7.202976930999966, 0.0 ], [ 106.916233976000058, -7.202792521999982, 0.0 ], [ 106.916180438000083, -7.202560524999967, 0.0 ], [ 106.916180438000083, -7.202453448999961, 0.0 ], [ 106.916204233000087, -7.202376116999972, 0.0 ], [ 106.916293462000056, -7.202185759999963, 0.0 ], [ 106.916495717000032, -7.201882378999926, 0.0 ], [ 106.916697971000076, -7.201590894999981, 0.0 ], [ 106.916751509000051, -7.201460023999971, 0.0 ], [ 106.916775303000065, -7.201364845999933, 0.0 ], [ 106.916805047000082, -7.201269666999963, 0.0 ], [ 106.916840739000065, -7.201210180999965, 0.0 ], [ 106.916900225000063, -7.201156642999933, 0.0 ], [ 106.916971609000086, -7.201132847999929, 0.0 ], [ 106.917054890000088, -7.201126899999963, 0.0 ], [ 106.917167914000061, -7.201115001999938, 0.0 ], [ 106.91723335000006, -7.20109120799998, 0.0 ], [ 106.917364220000081, -7.201049566999927, 0.0 ], [ 106.917489142000079, -7.200978182999961, 0.0 ], [ 106.917608115000064, -7.200894901999959, 0.0 ], [ 106.917691396000066, -7.200835415999961, 0.0 ], [ 106.917804420000039, -7.200704544999951, 0.0 ], [ 106.917893650000053, -7.200579623999943, 0.0 ], [ 106.917917445000057, -7.200502290999964, 0.0 ], [ 106.917917445000057, -7.200395214999958, 0.0 ], [ 106.917905547000032, -7.200329779999947, 0.0 ], [ 106.917923393000081, -7.20006209099995, 0.0 ], [ 106.917929342000036, -7.19985388799995, 0.0 ], [ 106.91795313700004, -7.199663530999942, 0.0 ], [ 106.917994777000047, -7.199556454999936, 0.0 ], [ 106.918078058000049, -7.199437481999951, 0.0 ], [ 106.918185134000055, -7.19930661199993, 0.0 ], [ 106.918244621000042, -7.199247125999932, 0.0 ], [ 106.918310056000053, -7.199193587999957, 0.0 ], [ 106.918405234000033, -7.199151946999962, 0.0 ], [ 106.918494464000048, -7.19913410099997, 0.0 ], [ 106.918595591000042, -7.199128151999957, 0.0 ], [ 106.918696718000035, -7.199086511999951, 0.0 ], [ 106.91878594800005, -7.199032973999977, 0.0 ], [ 106.918928716000039, -7.198931846999926, 0.0 ], [ 106.919029843000033, -7.198818822999954, 0.0 ], [ 106.919119072000058, -7.198699849999969, 0.0 ], [ 106.919208302000072, -7.198604670999941, 0.0 ], [ 106.919351070000062, -7.198450005999973, 0.0 ], [ 106.919464094000034, -7.198366724999971, 0.0 ], [ 106.919547375000036, -7.198289391999936, 0.0 ], [ 106.919660400000055, -7.19817041899995, 0.0 ], [ 106.919743681000057, -7.19807524099997, 0.0 ], [ 106.919803167000055, -7.198015753999925, 0.0 ], [ 106.919832911000071, -7.19793247299998, 0.0 ], [ 106.91984480800005, -7.197855140999934, 0.0 ], [ 106.919850757000063, -7.197771859999932, 0.0 ], [ 106.919868603000054, -7.197724269999981, 0.0 ], [ 106.919898346000082, -7.197629091999943, 0.0 ], [ 106.919930994000083, -7.19754267299993, 0.0 ], [ 106.920230265000043, -7.19778368599998, 0.0 ], [ 106.92040277600006, -7.197866966999925, 0.0 ], [ 106.920551492000072, -7.197861017999969, 0.0 ], [ 106.920706157000041, -7.197855068999957, 0.0 ], [ 106.920801335000078, -7.197819377999963, 0.0 ], [ 106.920944103000068, -7.197765839999931, 0.0 ], [ 106.921033333000082, -7.197736095999971, 0.0 ], [ 106.921110665000072, -7.197664712999938, 0.0 ], [ 106.921128511000063, -7.197599276999938, 0.0 ], [ 106.921205844000042, -7.197551687999976, 0.0 ], [ 106.921277228000065, -7.19753979099994, 0.0 ], [ 106.921366457000033, -7.197557636999932, 0.0 ], [ 106.921419995000065, -7.197581430999946, 0.0 ], [ 106.921491379000088, -7.197634968999978, 0.0 ], [ 106.921544917000062, -7.197658763999925, 0.0 ], [ 106.921699582000088, -7.197658763999925, 0.0 ], [ 106.921776915000066, -7.197640917999934, 0.0 ], [ 106.92187804200006, -7.197599276999938, 0.0 ], [ 106.921949425000037, -7.197533841999928, 0.0 ], [ 106.922050553000076, -7.197391074999928, 0.0 ], [ 106.922115988000087, -7.19726615299993, 0.0 ], [ 106.922199269000032, -7.197105538999949, 0.0 ], [ 106.922288499000047, -7.196950873999981, 0.0 ], [ 106.922365831000036, -7.196873541999935, 0.0 ], [ 106.922437215000059, -7.196831900999939, 0.0 ], [ 106.922550239000088, -7.196772414999941, 0.0 ], [ 106.922764391000044, -7.196510673999967, 0.0 ], [ 106.922877415000073, -7.196391700999925, 0.0 ], [ 106.922996388000058, -7.196237035999957, 0.0 ], [ 106.92307966900006, -7.196153754999955, 0.0 ], [ 106.923168899000075, -7.196094267999968, 0.0 ], [ 106.923311667000064, -7.196010986999966, 0.0 ], [ 106.923388999000053, -7.195969346999959, 0.0 ], [ 106.923698329000047, -7.19579088699993, 0.0 ], [ 106.923841097000036, -7.195743297999968, 0.0 ], [ 106.923954121000065, -7.195713554999941, 0.0 ], [ 106.924037402000067, -7.195683810999981, 0.0 ], [ 106.924132581000038, -7.195636221999962, 0.0 ], [ 106.924186119000069, -7.195541043999981, 0.0 ], [ 106.924269400000071, -7.195451813999966, 0.0 ], [ 106.924424065000039, -7.195362583999952, 0.0 ], [ 106.924654873000065, -7.19523924899994, 0.0 ], [ 106.924822625000047, -7.195160725999926, 0.0 ], [ 106.924933270000054, -7.195060788999967, 0.0 ], [ 106.924958254000046, -7.194964420999952, 0.0 ], [ 106.924958254000046, -7.194850206999945, 0.0 ], [ 106.924954685000046, -7.19475026899994, 0.0 ], [ 106.924972531000037, -7.194671746999973, 0.0 ], [ 106.925054622000061, -7.194582516999958, 0.0 ], [ 106.925161698000068, -7.194482579999942, 0.0 ], [ 106.925404403000073, -7.194329104999952, 0.0 ], [ 106.925618554000039, -7.194229166999946, 0.0 ], [ 106.925732768000046, -7.194147075999979, 0.0 ], [ 106.925839844000052, -7.194082830999946, 0.0 ], [ 106.925954058000059, -7.194032861999972, 0.0 ], [ 106.926018304000081, -7.19401501599998, 0.0 ], [ 106.926368085000036, -7.194022153999981, 0.0 ], [ 106.926471591000052, -7.194047138999963, 0.0 ], [ 106.926582236000058, -7.194068553999955, 0.0 ], [ 106.926653620000081, -7.194132798999931, 0.0 ], [ 106.926667897000073, -7.194186336999962, 0.0 ], [ 106.926692881000065, -7.194250582999928, 0.0 ], [ 106.926735711000049, -7.194293412999968, 0.0 ], [ 106.926821372000063, -7.19431482799996, 0.0 ], [ 106.92693558600007, -7.194343381999943, 0.0 ], [ 106.927028385000085, -7.19430768999996, 0.0 ], [ 106.927089061000061, -7.194279135999977, 0.0 ], [ 106.927139030000035, -7.194275566999977, 0.0 ], [ 106.927192568000066, -7.194250582999928, 0.0 ], [ 106.927217552000059, -7.194222028999945, 0.0 ], [ 106.92723539800005, -7.194143506999978, 0.0 ], [ 106.927249675000041, -7.194061414999965, 0.0 ], [ 106.927285367000081, -7.194018584999981, 0.0 ], [ 106.927342474000056, -7.193982892999941, 0.0 ], [ 106.927406719000032, -7.193982892999941, 0.0 ], [ 106.927478103000055, -7.193982892999941, 0.0 ], [ 106.927638717000036, -7.194000738999932, 0.0 ], [ 106.92777553600007, -7.194080450999934, 0.0 ], [ 106.927829074000044, -7.194133988999965, 0.0 ], [ 106.927894509000055, -7.194193475999953, 0.0 ], [ 106.927948047000086, -7.194282704999978, 0.0 ], [ 106.927983739000069, -7.19436598599998, 0.0 ], [ 106.928019430000063, -7.194484959999954, 0.0 ], [ 106.928019430000063, -7.194651521999958, 0.0 ], [ 106.927995636000048, -7.194806186999926, 0.0 ], [ 106.927971841000044, -7.194889467999928, 0.0 ], [ 106.927959944000065, -7.195002491999958, 0.0 ], [ 106.927959944000065, -7.195133362999968, 0.0 ], [ 106.928007533000084, -7.195163105999939, 0.0 ], [ 106.928165767000053, -7.195145259999947, 0.0 ], [ 106.92822525400004, -7.195097670999928, 0.0 ], [ 106.928308535000042, -7.195038183999941, 0.0 ], [ 106.928439405000063, -7.194990594999979, 0.0 ], [ 106.928689249000058, -7.194919210999956, 0.0 ], [ 106.929117552000037, -7.19473480299996, 0.0 ], [ 106.92925437100007, -7.194663418999937, 0.0 ], [ 106.929486368000084, -7.194496856999933, 0.0 ], [ 106.929641033000053, -7.194348140999978, 0.0 ], [ 106.929760006000038, -7.19425296199995, 0.0 ], [ 106.929914671000063, -7.194181577999927, 0.0 ], [ 106.930105028000071, -7.194080450999934, 0.0 ], [ 106.930265642000052, -7.19401501599998, 0.0 ], [ 106.930354871000077, -7.193991220999976, 0.0 ], [ 106.930497639000066, -7.193973374999928, 0.0 ], [ 106.930670150000083, -7.193985272999953, 0.0 ], [ 106.930783174000055, -7.194009066999968, 0.0 ], [ 106.930866456000047, -7.194020964999936, 0.0 ], [ 106.930991377000055, -7.193991220999976, 0.0 ], [ 106.931324502000052, -7.193890093999926, 0.0 ], [ 106.931449423000061, -7.193830607999928, 0.0 ], [ 106.931502961000035, -7.19381870999996, 0.0 ], [ 106.931544602000088, -7.19381870999996, 0.0 ], [ 106.931621934000077, -7.193771120999941, 0.0 ], [ 106.931693318000043, -7.193693788999951, 0.0 ], [ 106.931705216000069, -7.193622404999928, 0.0 ], [ 106.93172306200006, -7.193580763999933, 0.0 ], [ 106.931800394000049, -7.19353317499997, 0.0 ], [ 106.931907470000056, -7.193497482999931, 0.0 ], [ 106.931966956000053, -7.193437996999933, 0.0 ], [ 106.93199670000007, -7.193360663999954, 0.0 ], [ 106.93199670000007, -7.193289279999931, 0.0 ], [ 106.932014545000072, -7.193247639999981, 0.0 ], [ 106.932020494000085, -7.193200050999963, 0.0 ], [ 106.93207403200006, -7.193140563999975, 0.0 ], [ 106.93213946700007, -7.193140563999975, 0.0 ], [ 106.93220490200008, -7.193164358999979, 0.0 ], [ 106.932240594000064, -7.193211947999941, 0.0 ], [ 106.93227033800008, -7.193265485999973, 0.0 ], [ 106.932335773000034, -7.193307125999979, 0.0 ], [ 106.932407157000057, -7.193330920999927, 0.0 ], [ 106.932460694000042, -7.193330920999927, 0.0 ], [ 106.932610729000032, -7.193276787999935, 0.0 ] ] ] ] } },
{ "type": "Feature", "properties": { "NAMOBJ": "Cimenteng Jaya", "FCODE": "BA03070040", "REMARK": "", "METADATA": "TASWIL1000020230928_DATA_BATAS_DESAKELURAHAN", "SRS_ID": "SRGI 2013", "KDBBPS": null, "KDCBPS": null, "KDCPUM": "36.02.18", "KDEBPS": null, "KDEPUM": "36.02.18.2012", "KDPBPS": null, "KDPKAB": "36.02", "KDPPUM": "36", "LUASWH": 124.60490935777145, "TIPADM": 1.0, "WADMKC": "Cibadak", "WADMKD": "Cimenteng Jaya", "WADMKK": "Lebak", "WADMPR": "Banten", "WIADKC": null, "WIADKK": null, "WIADPR": null, "WIADKD": null, "UUPP": "Kesepakatan Teknis Batas Wilayah Administrasi Desa/Kelurahan Tahun 2021", "Shape_Length": 0.074676589021528073, "Shape_Area": 0.00010183163061534499 }, "geometry": { "type": "MultiPolygon", "coordinates": [ [ [ [ 106.241691357000036, -6.309790236999959, 0.0 ], [ 106.241737153000088, -6.309983833999979, 0.0 ], [ 106.241800288000036, -6.31013324099996, 0.0 ], [ 106.241786535000074, -6.310272076999979, 0.0 ], [ 106.241722087000085, -6.310352709999961, 0.0 ], [ 106.241431362000071, -6.310800076999953, 0.0 ], [ 106.241011624000066, -6.311709708999956, 0.0 ], [ 106.240949098000044, -6.311885652999933, 0.0 ], [ 106.240951167000048, -6.311908822999953, 0.0 ], [ 106.24096085900004, -6.311961444999952, 0.0 ], [ 106.240968142000042, -6.312006892999932, 0.0 ], [ 106.240980453000077, -6.31215522499997, 0.0 ], [ 106.240978226000038, -6.312224625999932, 0.0 ], [ 106.240966399000058, -6.312279690999958, 0.0 ], [ 106.240944983000077, -6.312325207999947, 0.0 ], [ 106.240925896000078, -6.312344396999947, 0.0 ], [ 106.240890056000069, -6.312358839999945, 0.0 ], [ 106.240830278000033, -6.312363767999955, 0.0 ], [ 106.240772823000043, -6.312339975999976, 0.0 ], [ 106.240739255000051, -6.312304161999975, 0.0 ], [ 106.240720043000067, -6.312270706999925, 0.0 ], [ 106.240705585000057, -6.312225274999946, 0.0 ], [ 106.240700705000052, -6.312184606999949, 0.0 ], [ 106.240693468000075, -6.312158301999943, 0.0 ], [ 106.240679044000046, -6.312127227999952, 0.0 ], [ 106.240661974000034, -6.312107139999966, 0.0 ], [ 106.240652674000046, -6.312100968999971, 0.0 ], [ 106.240604825000048, -6.312093903999937, 0.0 ], [ 106.240535475000058, -6.312096461999943, 0.0 ], [ 106.240466176000041, -6.312120556999957, 0.0 ], [ 106.240401688000077, -6.312156603999938, 0.0 ], [ 106.240344691000075, -6.312203165999961, 0.0 ], [ 106.240250822000064, -6.312264847999927, 0.0 ], [ 106.240218169000059, -6.312275824999972, 0.0 ], [ 106.240174846000059, -6.312307898999961, 0.0 ], [ 106.239787835000072, -6.312488290999966, 0.0 ], [ 106.23975441500005, -6.312514692999969, 0.0 ], [ 106.239697091000039, -6.312545936999925, 0.0 ], [ 106.239644550000037, -6.31257716999994, 0.0 ], [ 106.239603944000066, -6.312598802999958, 0.0 ], [ 106.239548943000045, -6.312601326999925, 0.0 ], [ 106.239510626000083, -6.312579881999966, 0.0 ], [ 106.239489073000072, -6.312567968999929, 0.0 ], [ 106.239445974000034, -6.312546534999967, 0.0 ], [ 106.239393330000041, -6.312534695999943, 0.0 ], [ 106.239362239000059, -6.312534769999957, 0.0 ], [ 106.239307284000063, -6.312556436999955, 0.0 ], [ 106.239266684000086, -6.312580462999961, 0.0 ], [ 106.239140208000038, -6.312698016999946, 0.0 ], [ 106.239109208000059, -6.312736377999954, 0.0 ], [ 106.239059121000082, -6.312793927999962, 0.0 ], [ 106.238985849000073, -6.312856083999975, 0.0 ], [ 106.238875033000056, -6.312911222999958, 0.0 ], [ 106.238706710000088, -6.312930766999955, 0.0 ], [ 106.238545913000053, -6.312896690999935, 0.0 ], [ 106.238376194000068, -6.312861049999981, 0.0 ], [ 106.238243752000074, -6.312865261999946, 0.0 ], [ 106.23817688400004, -6.312906100999953, 0.0 ], [ 106.238119594000068, -6.312951702999953, 0.0 ], [ 106.23806714400007, -6.313021222999964, 0.0 ], [ 106.237990840000066, -6.313117121999937, 0.0 ], [ 106.237976581000055, -6.313155442999971, 0.0 ], [ 106.237959971000066, -6.313210519999927, 0.0 ], [ 106.237965447000079, -6.313502443999937, 0.0 ], [ 106.237946480000062, -6.313571884999931, 0.0 ], [ 106.237922689000072, -6.313624585999946, 0.0 ], [ 106.23788452000008, -6.313665355999944, 0.0 ], [ 106.237767354000084, -6.31367520699996, 0.0 ], [ 106.23762378400005, -6.313644439999962, 0.0 ], [ 106.237492201000066, -6.313625608999928, 0.0 ], [ 106.237408540000047, -6.313644950999958, 0.0 ], [ 106.237329680000073, -6.313671460999956, 0.0 ], [ 106.237265198000046, -6.313709900999925, 0.0 ], [ 106.237229397000078, -6.313741094999955, 0.0 ], [ 106.237212770000042, -6.313788992999946, 0.0 ], [ 106.237208089000035, -6.313832076999972, 0.0 ], [ 106.237208214000077, -6.313884720999965, 0.0 ], [ 106.237222711000072, -6.31394690299993, 0.0 ], [ 106.23729482300007, -6.314099878999968, 0.0 ], [ 106.237299748000055, -6.314159690999929, 0.0 ], [ 106.237290295000037, -6.31420757199993, 0.0 ], [ 106.237261710000041, -6.314255498999955, 0.0 ], [ 106.237230698000076, -6.314289072999941, 0.0 ], [ 106.23717341300005, -6.314337067999929, 0.0 ], [ 106.237080294000066, -6.314401898999961, 0.0 ], [ 106.237027815000033, -6.314459453999973, 0.0 ], [ 106.237013596000054, -6.314514524999936, 0.0 ], [ 106.237008915000047, -6.314557608999962, 0.0 ], [ 106.236987516000056, -6.314610304999974, 0.0 ], [ 106.236958919000074, -6.314653444999976, 0.0 ], [ 106.236951801000032, -6.314677391999965, 0.0 ], [ 106.236954289000039, -6.314718065999955, 0.0 ], [ 106.236982925000063, -6.314872474999959, 0.0 ], [ 106.23696601000006, -6.314941928999929, 0.0 ], [ 106.236880811000049, -6.314997016999939, 0.0 ], [ 106.236780432000046, -6.315025970999955, 0.0 ], [ 106.236626258000058, -6.315062230999956, 0.0 ], [ 106.23650796700008, -6.315101995999953, 0.0 ], [ 106.236350240000036, -6.315152621999971, 0.0 ], [ 106.236282182000082, -6.315195855999946, 0.0 ], [ 106.236242831000084, -6.315242611999963, 0.0 ], [ 106.236235750000048, -6.315282111999977, 0.0 ], [ 106.236246589000075, -6.315314390999959, 0.0 ], [ 106.23627177700007, -6.315346635999958, 0.0 ], [ 106.236296974000084, -6.315382469999975, 0.0 ], [ 106.236318610000069, -6.315429080999934, 0.0 ], [ 106.236348695000061, -6.315521373999957, 0.0 ], [ 106.236348874000043, -6.31552901799995, 0.0 ], [ 106.236329781000052, -6.315601345999937, 0.0 ], [ 106.236276131000068, -6.315669671999956, 0.0 ], [ 106.236193782000043, -6.315738065999938, 0.0 ], [ 106.236125664000042, -6.315756174999933, 0.0 ], [ 106.236061091000067, -6.315756327999964, 0.0 ], [ 106.236025216000087, -6.315756412999974, 0.0 ], [ 106.235971431000053, -6.315767308999966, 0.0 ], [ 106.235899785000072, -6.315810551999959, 0.0 ], [ 106.235795894000034, -6.315871818999938, 0.0 ], [ 106.235754703000055, -6.315945160999945, 0.0 ], [ 106.236023622000062, -6.316854253999963, 0.0 ], [ 106.236322618000088, -6.317594115999952, 0.0 ], [ 106.236346671000035, -6.317618152999955, 0.0 ], [ 106.236254295000037, -6.317698190999977, 0.0 ], [ 106.236136085000055, -6.31787825899994, 0.0 ], [ 106.236062482000079, -6.318056445999957, 0.0 ], [ 106.236249228000077, -6.318342847999929, 0.0 ], [ 106.236117665000052, -6.318389067999931, 0.0 ], [ 106.235966678000068, -6.318458343999964, 0.0 ], [ 106.235823399000083, -6.318550572999925, 0.0 ], [ 106.235752145000049, -6.318620033999935, 0.0 ], [ 106.235664832000055, -6.318723561999946, 0.0 ], [ 106.235489704000088, -6.318971025999929, 0.0 ], [ 106.235337418000086, -6.319184225999948, 0.0 ], [ 106.235183229000086, -6.319389810999951, 0.0 ], [ 106.235029442000041, -6.319622163999952, 0.0 ], [ 106.234743891000051, -6.320078016999958, 0.0 ], [ 106.23451513200007, -6.320365515999981, 0.0 ], [ 106.23437982300004, -6.320595401999981, 0.0 ], [ 106.23414226500006, -6.320991662999973, 0.0 ], [ 106.233904627000072, -6.321354697999936, 0.0 ], [ 106.233763258000067, -6.321575536999944, 0.0 ], [ 106.233681918000059, -6.321648223999944, 0.0 ], [ 106.233621582000069, -6.321666490999974, 0.0 ], [ 106.233546158000081, -6.321687813999972, 0.0 ], [ 106.233476744000086, -6.321697039999947, 0.0 ], [ 106.233386139000061, -6.321682151999937, 0.0 ], [ 106.233266989000072, -6.321660615999974, 0.0 ], [ 106.233215208000047, -6.321745361999945, 0.0 ], [ 106.232841524000037, -6.321707375999949, 0.0 ], [ 106.232820006000054, -6.321539522999956, 0.0 ], [ 106.232565363000049, -6.32146738199998, 0.0 ], [ 106.232109559000037, -6.321338440999966, 0.0 ], [ 106.232153224000058, -6.320874924999941, 0.0 ], [ 106.232176809000066, -6.320376761999967, 0.0 ], [ 106.232232034000049, -6.320355878999976, 0.0 ], [ 106.232247622000045, -6.320070722999958, 0.0 ], [ 106.232253189000062, -6.319864119999977, 0.0 ], [ 106.23194267000008, -6.319874826999978, 0.0 ], [ 106.231921254000042, -6.319200249999938, 0.0 ], [ 106.23189983900005, -6.31893256099994, 0.0 ], [ 106.23141086000004, -6.31926449599996, 0.0 ], [ 106.231306990000064, -6.319077120999964, 0.0 ], [ 106.231191077000062, -6.318868018999979, 0.0 ], [ 106.231090277000078, -6.318928376999963, 0.0 ], [ 106.231066483000063, -6.318452484999966, 0.0 ], [ 106.230735217000074, -6.318479286999946, 0.0 ], [ 106.230016545000069, -6.318437612999958, 0.0 ], [ 106.230019520000042, -6.318161000999964, 0.0 ], [ 106.22928188700007, -6.31816992399996, 0.0 ], [ 106.229299733000062, -6.31797659199998, 0.0 ], [ 106.228981480000073, -6.317970643999956, 0.0 ], [ 106.228788149000081, -6.317923054999937, 0.0 ], [ 106.228648355000075, -6.317961720999961, 0.0 ], [ 106.228374717000065, -6.317997412999944, 0.0 ], [ 106.227756057000079, -6.31797361799994, 0.0 ], [ 106.227750109000056, -6.317777312999965, 0.0 ], [ 106.226905400000078, -6.317705928999942, 0.0 ], [ 106.226346227000079, -6.317723774999934, 0.0 ], [ 106.226304586000083, -6.31758992999994, 0.0 ], [ 106.225980385000071, -6.31756018699997, 0.0 ], [ 106.225743866000073, -6.317542260999971, 0.0 ], [ 106.225685961000067, -6.31750507199996, 0.0 ], [ 106.225654751000036, -6.317454892999933, 0.0 ], [ 106.225618725000061, -6.317390368999952, 0.0 ], [ 106.225580363000063, -6.317349778999926, 0.0 ], [ 106.225532486000077, -6.317330747999961, 0.0 ], [ 106.225494220000087, -6.317330837999975, 0.0 ], [ 106.225434463000056, -6.317345336999949, 0.0 ], [ 106.225389022000059, -6.317345443999955, 0.0 ], [ 106.225367486000039, -6.31734070899995, 0.0 ], [ 106.225348297000039, -6.317316823999931, 0.0 ], [ 106.225341026000081, -6.317276160999938, 0.0 ], [ 106.22532897800005, -6.317237902999977, 0.0 ], [ 106.225295461000087, -6.317223623999951, 0.0 ], [ 106.225259598000036, -6.317228493999949, 0.0 ], [ 106.225082719000056, -6.317271983999944, 0.0 ], [ 106.225042067000061, -6.317274471999951, 0.0 ], [ 106.224999001000072, -6.317267394999931, 0.0 ], [ 106.224972625000078, -6.317238741999972, 0.0 ], [ 106.224950960000058, -6.31717896899994, 0.0 ], [ 106.224917382000058, -6.317138367999974, 0.0 ], [ 106.224869521000073, -6.317126515999973, 0.0 ], [ 106.224852813000041, -6.317140912999946, 0.0 ], [ 106.224843331000045, -6.317176828999948, 0.0 ], [ 106.224843461000034, -6.317231866999975, 0.0 ], [ 106.224894028000051, -6.317377716999943, 0.0 ], [ 106.224894118000066, -6.317416003999938, 0.0 ], [ 106.224894180000035, -6.317442326999981, 0.0 ], [ 106.224882284000046, -6.317468676999965, 0.0 ], [ 106.224851232000049, -6.317485500999965, 0.0 ], [ 106.224791441000036, -6.317485640999962, 0.0 ], [ 106.224339395000072, -6.317474740999955, 0.0 ], [ 106.22427239600006, -6.317460540999946, 0.0 ], [ 106.224236477000034, -6.317441481999936, 0.0 ], [ 106.224195813000051, -6.317439183999966, 0.0 ], [ 106.224138414000038, -6.317439318999959, 0.0 ], [ 106.224083429000075, -6.31744901999997, 0.0 ], [ 106.224030870000036, -6.317473073999963, 0.0 ], [ 106.224011793000045, -6.31749704799995, 0.0 ], [ 106.223978383000087, -6.317528234999941, 0.0 ], [ 106.223925840000049, -6.317559466999967, 0.0 ], [ 106.223619886000051, -6.317634367999972, 0.0 ], [ 106.223538604000055, -6.317648915999939, 0.0 ], [ 106.223443001000078, -6.317675463999933, 0.0 ], [ 106.22335935600006, -6.317701982999949, 0.0 ], [ 106.223316368000042, -6.317728405999958, 0.0 ], [ 106.223263853000049, -6.317771602999926, 0.0 ], [ 106.223230539000042, -6.317843468999968, 0.0 ], [ 106.223216285000035, -6.317884182999933, 0.0 ], [ 106.223178125000061, -6.317929738999965, 0.0 ], [ 106.223108613000079, -6.317976512999962, 0.0 ], [ 106.222781437000037, -6.317988409999941, 0.0 ], [ 106.222454261000053, -6.317988409999941, 0.0 ], [ 106.222323391000089, -6.317991384999971, 0.0 ], [ 106.222284687000069, -6.318426657999964, 0.0 ], [ 106.221980116000054, -6.318424278999942, 0.0 ], [ 106.221775482000055, -6.318407621999938, 0.0 ], [ 106.221613679000086, -6.318376688999933, 0.0 ], [ 106.221475670000075, -6.318398104999972, 0.0 ], [ 106.221113485000046, -6.318486150999945, 0.0 ], [ 106.220821127000079, -6.31840826399997, 0.0 ], [ 106.220445917000063, -6.318320701999937, 0.0 ], [ 106.220387970000047, -6.318432103999953, 0.0 ], [ 106.220326944000078, -6.318487263999941, 0.0 ], [ 106.219758848000083, -6.318365316999973, 0.0 ], [ 106.219774895000057, -6.318324340999936, 0.0 ], [ 106.219919503000085, -6.317953144999933, 0.0 ], [ 106.220007543000065, -6.317658091999931, 0.0 ], [ 106.220051028000057, -6.317460149999931, 0.0 ], [ 106.220068178000076, -6.317318353999951, 0.0 ], [ 106.219741002000035, -6.317202354999949, 0.0 ], [ 106.219561972000065, -6.317188422999948, 0.0 ], [ 106.219427430000053, -6.317079406999937, 0.0 ], [ 106.219598752000081, -6.316812907999974, 0.0 ], [ 106.219561870000064, -6.31666538099995, 0.0 ], [ 106.219503601000042, -6.316627925999967, 0.0 ], [ 106.219571388000077, -6.316271659999927, 0.0 ], [ 106.219535696000037, -6.31597125299993, 0.0 ], [ 106.219508927000049, -6.315620281999941, 0.0 ], [ 106.219485132000045, -6.315266336999969, 0.0 ], [ 106.219318455000064, -6.315233945999978, 0.0 ], [ 106.219301389000066, -6.315095194999969, 0.0 ], [ 106.219298387000038, -6.314834369999971, 0.0 ], [ 106.219420360000072, -6.314834084999973, 0.0 ], [ 106.219710004000035, -6.314943481999933, 0.0 ], [ 106.219956111000045, -6.314844793999953, 0.0 ], [ 106.22009944000007, -6.314772669999968, 0.0 ], [ 106.220254110000042, -6.31474910299994, 0.0 ], [ 106.220332367000083, -6.314756989999978, 0.0 ], [ 106.220347963000052, -6.314734801999975, 0.0 ], [ 106.220411455000033, -6.314738611999928, 0.0 ], [ 106.220531512000036, -6.314941730999976, 0.0 ], [ 106.220585646000075, -6.315079197999978, 0.0 ], [ 106.220435531000078, -6.315126162999945, 0.0 ], [ 106.220432934000087, -6.315293675999953, 0.0 ], [ 106.22046606400005, -6.315398288999972, 0.0 ], [ 106.220538107000039, -6.315523749999954, 0.0 ], [ 106.220604262000052, -6.31568810999994, 0.0 ], [ 106.220685175000085, -6.315771673999961, 0.0 ], [ 106.220748264000065, -6.315903137999953, 0.0 ], [ 106.220763443000067, -6.316001811999968, 0.0 ], [ 106.220856602000083, -6.316207984999949, 0.0 ], [ 106.220868770000038, -6.316297691999978, 0.0 ], [ 106.22083305700005, -6.316366572999925, 0.0 ], [ 106.220897534000073, -6.317090288999964, 0.0 ], [ 106.220939598000086, -6.317179924999948, 0.0 ], [ 106.220928074000085, -6.317365405999965, 0.0 ], [ 106.220943358000056, -6.317508946999965, 0.0 ], [ 106.221090063000076, -6.317601328999956, 0.0 ], [ 106.221233659000063, -6.31764286899994, 0.0 ], [ 106.221311408000076, -6.317651659999967, 0.0 ], [ 106.221427818000052, -6.317573615999947, 0.0 ], [ 106.221577260000061, -6.317558308999935, 0.0 ], [ 106.221789623000063, -6.317602677999957, 0.0 ], [ 106.221945184000049, -6.317647180999927, 0.0 ], [ 106.222280019000038, -6.317649385999971, 0.0 ], [ 106.222186698000087, -6.31737441599995, 0.0 ], [ 106.222159427000065, -6.317218937999939, 0.0 ], [ 106.222183, -6.317072314999962, 0.0 ], [ 106.222295928000051, -6.316784895999945, 0.0 ], [ 106.222568365000086, -6.31686501799993, 0.0 ], [ 106.222929330000056, -6.316995302999942, 0.0 ], [ 106.223043936000067, -6.31700628599998, 0.0 ], [ 106.223154554000075, -6.317059148999931, 0.0 ], [ 106.223164585000063, -6.317053381999926, 0.0 ], [ 106.223168401000066, -6.316845186999956, 0.0 ], [ 106.22318703600007, -6.316836528999943, 0.0 ], [ 106.223223626000049, -6.316831738999952, 0.0 ], [ 106.223915146000081, -6.316885900999978, 0.0 ], [ 106.22393399300006, -6.31676381699998, 0.0 ], [ 106.224074981000058, -6.316713232999973, 0.0 ], [ 106.224300041000049, -6.316817992999972, 0.0 ], [ 106.224621757000079, -6.316835183999956, 0.0 ], [ 106.224847107000073, -6.316554678999978, 0.0 ], [ 106.225147924000055, -6.315973521999979, 0.0 ], [ 106.224915568000085, -6.31556625099995, 0.0 ], [ 106.224921499000061, -6.315135486999964, 0.0 ], [ 106.22496312700008, -6.315028318999964, 0.0 ], [ 106.225133668000069, -6.314589276999925, 0.0 ], [ 106.225361271000054, -6.31475863999998, 0.0 ], [ 106.225523968000061, -6.314786971999979, 0.0 ], [ 106.225600505000045, -6.314789184999938, 0.0 ], [ 106.225806156000033, -6.314776735999942, 0.0 ], [ 106.226100218000056, -6.314730577999967, 0.0 ], [ 106.226315356000043, -6.314684604999968, 0.0 ], [ 106.226477603000035, -6.31452150299998, 0.0 ], [ 106.226601567000046, -6.314351310999939, 0.0 ], [ 106.226694451000071, -6.314185978999944, 0.0 ], [ 106.226743015000068, -6.313988446999929, 0.0 ], [ 106.226857601000063, -6.313898441999925, 0.0 ], [ 106.226968304000081, -6.313682815999925, 0.0 ], [ 106.227107731000046, -6.313477890999934, 0.0 ], [ 106.227322409000067, -6.313236893999942, 0.0 ], [ 106.227404540000066, -6.313075176999973, 0.0 ], [ 106.227400732000035, -6.312981860999969, 0.0 ], [ 106.227895433000072, -6.312700420999931, 0.0 ], [ 106.227931614000056, -6.312680612999941, 0.0 ], [ 106.228164337000067, -6.312635177999937, 0.0 ], [ 106.228174752000086, -6.31248798699994, 0.0 ], [ 106.228253582000036, -6.312448317999952, 0.0 ], [ 106.228321827000059, -6.312484050999956, 0.0 ], [ 106.228655320000087, -6.312425832999963, 0.0 ], [ 106.228928346000032, -6.312326028999962, 0.0 ], [ 106.229335675000073, -6.312299933999952, 0.0 ], [ 106.229410305000044, -6.31229652199994, 0.0 ], [ 106.229452433000063, -6.312294595999958, 0.0 ], [ 106.229459748000068, -6.312294260999977, 0.0 ], [ 106.229442876000064, -6.311987263999981, 0.0 ], [ 106.229461436000065, -6.311986415999968, 0.0 ], [ 106.229464571000051, -6.311986272999945, 0.0 ], [ 106.229503544000067, -6.311984490999976, 0.0 ], [ 106.229555350000055, -6.311913219999951, 0.0 ], [ 106.22955644700005, -6.311913259999926, 0.0 ], [ 106.22958439000007, -6.311914269999932, 0.0 ], [ 106.229601183000057, -6.311915418999945, 0.0 ], [ 106.229603551000082, -6.311915580999937, 0.0 ], [ 106.229613620000066, -6.311916269999926, 0.0 ], [ 106.229633, -6.311917539999968, 0.0 ], [ 106.229648002000033, -6.311916541999949, 0.0 ], [ 106.229718890000072, -6.31191182799995, 0.0 ], [ 106.229825783000081, -6.311904719999973, 0.0 ], [ 106.229852999000059, -6.311906877999945, 0.0 ], [ 106.22989361100008, -6.311910099999977, 0.0 ], [ 106.229913070000066, -6.311911642999974, 0.0 ], [ 106.229920496000034, -6.311912231999941, 0.0 ], [ 106.229962359000069, -6.311915552999949, 0.0 ], [ 106.229995874000053, -6.311918210999977, 0.0 ], [ 106.230020468000077, -6.311920161999979, 0.0 ], [ 106.230115130000058, -6.311883549999948, 0.0 ], [ 106.230127032000041, -6.311882740999977, 0.0 ], [ 106.230128323000088, -6.311882652999941, 0.0 ], [ 106.230223164000051, -6.311876206999955, 0.0 ], [ 106.230311484000083, -6.311870202999955, 0.0 ], [ 106.230336661000081, -6.311868491999974, 0.0 ], [ 106.230379940000034, -6.311865549999936, 0.0 ], [ 106.230404780000072, -6.311861749999935, 0.0 ], [ 106.230427900000052, -6.311860819999936, 0.0 ], [ 106.230467296000086, -6.311855581999964, 0.0 ], [ 106.230648703000043, -6.311831463999965, 0.0 ], [ 106.23072095200007, -6.311821857999973, 0.0 ], [ 106.230785382000079, -6.311813291999954, 0.0 ], [ 106.230797210000048, -6.31181171999998, 0.0 ], [ 106.230835949000038, -6.311798985999928, 0.0 ], [ 106.230868084000065, -6.311788422999939, 0.0 ], [ 106.230928561000042, -6.31176854399996, 0.0 ], [ 106.231052202000058, -6.311727901999973, 0.0 ], [ 106.231096446000038, -6.311716056999956, 0.0 ], [ 106.231111188000057, -6.311712109999974, 0.0 ], [ 106.231198240000083, -6.31168880499996, 0.0 ], [ 106.231267178000053, -6.31167034899994, 0.0 ], [ 106.231293955000069, -6.311663180999972, 0.0 ], [ 106.23151628100004, -6.311620919999939, 0.0 ], [ 106.23152428700007, -6.311619397999948, 0.0 ], [ 106.231789478000053, -6.311554981999961, 0.0 ], [ 106.231857496000089, -6.311537406999946, 0.0 ], [ 106.231884265000076, -6.311530490999928, 0.0 ], [ 106.23192498800006, -6.31151996899996, 0.0 ], [ 106.232001895000053, -6.311497994999968, 0.0 ], [ 106.23201408500006, -6.311494512999957, 0.0 ], [ 106.232038028000034, -6.311487671999942, 0.0 ], [ 106.232044913000038, -6.311485703999949, 0.0 ], [ 106.232111596000038, -6.311468798999954, 0.0 ], [ 106.232112652000069, -6.311470592999967, 0.0 ], [ 106.232114022000076, -6.311487671999942, 0.0 ], [ 106.232114571000068, -6.311494512999957, 0.0 ], [ 106.23212484700008, -6.311622568999951, 0.0 ], [ 106.232124863000081, -6.311622760999967, 0.0 ], [ 106.232133674000067, -6.311621394999975, 0.0 ], [ 106.232148316000064, -6.311619123999947, 0.0 ], [ 106.232342619000065, -6.311588986999936, 0.0 ], [ 106.232333813000082, -6.311494125999957, 0.0 ], [ 106.232330698000055, -6.311460574999955, 0.0 ], [ 106.232323946000065, -6.311387850999949, 0.0 ], [ 106.23231964200005, -6.311341481999932, 0.0 ], [ 106.232313033000082, -6.311270289999925, 0.0 ], [ 106.232281102000059, -6.310926342999949, 0.0 ], [ 106.232277723000038, -6.310838485999966, 0.0 ], [ 106.232273488000033, -6.310728371999971, 0.0 ], [ 106.232648491000077, -6.310688396999979, 0.0 ], [ 106.232908051000038, -6.310641699999962, 0.0 ], [ 106.232912809000084, -6.310472757999946, 0.0 ], [ 106.233041565000065, -6.310471901999961, 0.0 ], [ 106.233270918000073, -6.31047037899998, 0.0 ], [ 106.233300902000053, -6.310472237999932, 0.0 ], [ 106.233424394000053, -6.310479895999947, 0.0 ], [ 106.233455327000058, -6.310610766999957, 0.0 ], [ 106.233720877000053, -6.310640923999927, 0.0 ], [ 106.233832471000085, -6.310653596999941, 0.0 ], [ 106.233875940000075, -6.310656108999979, 0.0 ], [ 106.234100425000065, -6.310669081999947, 0.0 ], [ 106.234305984000059, -6.310680960999946, 0.0 ], [ 106.234446268000056, -6.310671811999953, 0.0 ], [ 106.234579622000069, -6.310663114999954, 0.0 ], [ 106.234923010000045, -6.310638049999966, 0.0 ], [ 106.234987105000073, -6.310633371999927, 0.0 ], [ 106.235207205000052, -6.310624448999931, 0.0 ], [ 106.23585233600005, -6.31055895399993, 0.0 ], [ 106.235956438000073, -6.310326956999972, 0.0 ], [ 106.235992129000067, -6.30993731999996, 0.0 ], [ 106.236004790000038, -6.309839527999941, 0.0 ], [ 106.236680007000075, -6.309947887999954, 0.0 ], [ 106.237023854000086, -6.309971, 0.0 ], [ 106.237018151000086, -6.310087669999973, 0.0 ], [ 106.237350168000035, -6.31016465099998, 0.0 ], [ 106.237397709000049, -6.310041900999977, 0.0 ], [ 106.237595114000044, -6.310083307999946, 0.0 ], [ 106.237586266000051, -6.310134178999931, 0.0 ], [ 106.23832178400005, -6.310177297999928, 0.0 ], [ 106.238677653000082, -6.31022730199993, 0.0 ], [ 106.238946763000058, -6.310250591999932, 0.0 ], [ 106.239067400000067, -6.309940538999967, 0.0 ], [ 106.239118855000072, -6.309720967999965, 0.0 ], [ 106.239238301000057, -6.30971720399998, 0.0 ], [ 106.239339645000086, -6.309692075999976, 0.0 ], [ 106.239402732000087, -6.309670868999945, 0.0 ], [ 106.239578639000058, -6.309622590999936, 0.0 ], [ 106.239760285000045, -6.309574299999952, 0.0 ], [ 106.239825286000041, -6.309553087999973, 0.0 ], [ 106.239913219000073, -6.309520334999945, 0.0 ], [ 106.239964840000084, -6.309504896999954, 0.0 ], [ 106.240035590000048, -6.309487499999932, 0.0 ], [ 106.24009488300004, -6.30947970099993, 0.0 ], [ 106.240152267000042, -6.309473821999973, 0.0 ], [ 106.240251748000048, -6.309469755999942, 0.0 ], [ 106.240493425000068, -6.30946470899994, 0.0 ], [ 106.240506810000056, -6.309506078999959, 0.0 ], [ 106.240558860000078, -6.309666962999927, 0.0 ], [ 106.240716500000076, -6.309658039999931, 0.0 ], [ 106.24105557300004, -6.309649116999935, 0.0 ], [ 106.241127102000064, -6.309654878999936, 0.0 ], [ 106.24134063200006, -6.309672078999938, 0.0 ], [ 106.241441439000084, -6.309667038999976, 0.0 ], [ 106.24144496200006, -6.309785390999934, 0.0 ], [ 106.241691357000036, -6.309790236999959, 0.0 ] ] ] ] } },
{ "type": "Feature", "properties": { "NAMOBJ": "Cimenteng", "FCODE": "BA03070040", "REMARK": "", "METADATA": "TASWIL1000020230928_DATA_BATAS_DESAKELURAHAN", "SRS_ID": "SRGI 2013", "KDBBPS": null, "KDCBPS": null, "KDCPUM": "32.13.19", "KDEBPS": null, "KDEPUM": "32.13.19.2004", "KDPBPS": null, "KDPKAB": "32.13", "KDPPUM": "32", "LUASWH": 1817.6691455079235, "TIPADM": 1.0, "WADMKC": "Cijambe", "WADMKD": "Cimenteng", "WADMKK": "Subang", "WADMPR": "Jawa Barat", "WIADKC": null, "WIADKK": null, "WIADPR": null, "WIADKD": null, "UUPP": "Kesepakatan Teknis Batas Wilayah Administrasi Desa/Kelurahan Tahun 2021", "Shape_Length": 0.19521522797817201, "Shape_Area": 0.0014864289337322028 }, "geometry": { "type": "MultiPolygon", "coordinates": [ [ [ [ 107.826718, -6.619565, 0.0 ], [ 107.828058333000058, -6.624663332999944, 0.0 ], [ 107.83511270200006, -6.624567925999941, 0.0 ], [ 107.837593394000066, -6.634519107999949, 0.0 ], [ 107.838195624000036, -6.63610300199997, 0.0 ], [ 107.837595, -6.64016666699996, 0.0 ], [ 107.836973402000069, -6.641998188999935, 0.0 ], [ 107.836165135000044, -6.64513926099994, 0.0 ], [ 107.835520835000068, -6.647522058999925, 0.0 ], [ 107.834934368000063, -6.649506220999967, 0.0 ], [ 107.834575353000048, -6.649972883999965, 0.0 ], [ 107.834416274000034, -6.650516582999956, 0.0 ], [ 107.83631734100004, -6.652721620999955, 0.0 ], [ 107.837175222000042, -6.653892860999974, 0.0 ], [ 107.837902823000036, -6.654859255999952, 0.0 ], [ 107.838374270000088, -6.655917799999941, 0.0 ], [ 107.838488441000038, -6.656214148999936, 0.0 ], [ 107.838626878000071, -6.656422766999981, 0.0 ], [ 107.838757972000053, -6.656601784999964, 0.0 ], [ 107.839011037000034, -6.656703602999926, 0.0 ], [ 107.839175569000076, -6.656710306999969, 0.0 ], [ 107.839209271000072, -6.656583890999968, 0.0 ], [ 107.839246425000056, -6.656392431999961, 0.0 ], [ 107.839341068000067, -6.656219766999925, 0.0 ], [ 107.839511426000058, -6.655908969999928, 0.0 ], [ 107.839648719000081, -6.655835506999949, 0.0 ], [ 107.839782648000039, -6.65584238699995, 0.0 ], [ 107.840012541000078, -6.655906088999927, 0.0 ], [ 107.840234474000056, -6.655916287999958, 0.0 ], [ 107.840318895000053, -6.655961700999967, 0.0 ], [ 107.840350135000051, -6.65607244399996, 0.0 ], [ 107.840404174000071, -6.656156280999937, 0.0 ], [ 107.840607597000087, -6.656273683999927, 0.0 ], [ 107.840837643000043, -6.656364157999974, 0.0 ], [ 107.840983643000072, -6.656474240999955, 0.0 ], [ 107.84097293700006, -6.656608174999974, 0.0 ], [ 107.840908655000078, -6.656738590999964, 0.0 ], [ 107.840912987000081, -6.656826538999951, 0.0 ], [ 107.840982150000059, -6.656879689999926, 0.0 ], [ 107.841139076000047, -6.656894086999955, 0.0 ], [ 107.841272676000074, -6.656843594999941, 0.0 ], [ 107.841360174000044, -6.656758942999943, 0.0 ], [ 107.841471196000043, -6.656773603999966, 0.0 ], [ 107.841544207000084, -6.656830557999967, 0.0 ], [ 107.841636894000032, -6.656983020999974, 0.0 ], [ 107.84178630200006, -6.657020409999973, 0.0 ], [ 107.841962222000063, -6.657011747999945, 0.0 ], [ 107.842286954000087, -6.656937206999942, 0.0 ], [ 107.842459027000075, -6.656924741999944, 0.0 ], [ 107.842547097000079, -6.656939533999946, 0.0 ], [ 107.842585636000081, -6.65698903599997, 0.0 ], [ 107.842594014000042, -6.657115209999972, 0.0 ], [ 107.842617714000085, -6.65724511999997, 0.0 ], [ 107.842671445000065, -6.657275409999954, 0.0 ], [ 107.842778509000084, -6.657267143999945, 0.0 ], [ 107.842931213000043, -6.657212716999936, 0.0 ], [ 107.843091700000059, -6.657181192999928, 0.0 ], [ 107.84323339000008, -6.657207151999955, 0.0 ], [ 107.84337908200007, -6.657263686999954, 0.0 ], [ 107.843471727000065, -6.657408499999974, 0.0 ], [ 107.84350345200005, -6.657603386999938, 0.0 ], [ 107.84355021500005, -6.657752288999973, 0.0 ], [ 107.843650312000079, -6.657862634999958, 0.0 ], [ 107.843792355000062, -6.657949788999929, 0.0 ], [ 107.843988041000046, -6.658051934999946, 0.0 ], [ 107.844103505000078, -6.658173666999971, 0.0 ], [ 107.844176979000054, -6.658310939999978, 0.0 ], [ 107.844241254000053, -6.658605078999926, 0.0 ], [ 107.843719848000035, -6.658608089999973, 0.0 ], [ 107.84319718100005, -6.658707773999936, 0.0 ], [ 107.842868632000034, -6.658920590999969, 0.0 ], [ 107.842517256000065, -6.659249560999967, 0.0 ], [ 107.842136957000037, -6.659638446999963, 0.0 ], [ 107.841306470000063, -6.660616188999938, 0.0 ], [ 107.840812873000061, -6.661545091999926, 0.0 ], [ 107.840498711000066, -6.662184529999934, 0.0 ], [ 107.840218425000046, -6.662682316999962, 0.0 ], [ 107.839886104000072, -6.663139759999979, 0.0 ], [ 107.839802409000072, -6.663253881999935, 0.0 ], [ 107.83960036700006, -6.663529369999935, 0.0 ], [ 107.839472826000076, -6.663729076999971, 0.0 ], [ 107.839396058000034, -6.66389817299995, 0.0 ], [ 107.839313698000069, -6.663995288999956, 0.0 ], [ 107.838889551000079, -6.664322590999973, 0.0 ], [ 107.838584780000076, -6.66460161599997, 0.0 ], [ 107.838477707000038, -6.664959602999943, 0.0 ], [ 107.838401849000036, -6.66511739699996, 0.0 ], [ 107.838209976000087, -6.665869724999936, 0.0 ], [ 107.838180756000042, -6.666035355999952, 0.0 ], [ 107.838211478000062, -6.666203025999948, 0.0 ], [ 107.838470332000043, -6.666460485999949, 0.0 ], [ 107.83870644600006, -6.666779867999935, 0.0 ], [ 107.838774844000056, -6.666993246999937, 0.0 ], [ 107.838759301000039, -6.667140809999978, 0.0 ], [ 107.838702676000082, -6.66724241999998, 0.0 ], [ 107.838699090000034, -6.667248854999968, 0.0 ], [ 107.838697514000046, -6.66725168399995, 0.0 ], [ 107.838697081000078, -6.667252460999975, 0.0 ], [ 107.835910928000033, -6.668322610999951, 0.0 ], [ 107.835178795000047, -6.668603768999958, 0.0 ], [ 107.83435746300006, -6.668919179999932, 0.0 ], [ 107.831170806000046, -6.670142916999964, 0.0 ], [ 107.830982413000072, -6.670215262999932, 0.0 ], [ 107.829548740000064, -6.670786908999958, 0.0 ], [ 107.828762287000075, -6.671100488999969, 0.0 ], [ 107.828213453000046, -6.67146456699993, 0.0 ], [ 107.827001859000063, -6.67226829599997, 0.0 ], [ 107.825241421000044, -6.673436099999947, 0.0 ], [ 107.825213520000034, -6.673442064999961, 0.0 ], [ 107.82483086700006, -6.673523864999936, 0.0 ], [ 107.823921981000069, -6.673718157999929, 0.0 ], [ 107.823640929000078, -6.673778237999954, 0.0 ], [ 107.821403254000074, -6.674256577999927, 0.0 ], [ 107.821291501000076, -6.67428046699996, 0.0 ], [ 107.818786281000087, -6.673500469999965, 0.0 ], [ 107.818385522000085, -6.673375692999969, 0.0 ], [ 107.817464170000051, -6.673088825999969, 0.0 ], [ 107.813997985000071, -6.672853828999962, 0.0 ], [ 107.813109979000046, -6.672793619999936, 0.0 ], [ 107.810216799000045, -6.672597445999941, 0.0 ], [ 107.80872669300004, -6.672496401999979, 0.0 ], [ 107.807909265000035, -6.672756841999956, 0.0 ], [ 107.807555638000053, -6.672869509999941, 0.0 ], [ 107.80560398700004, -6.673491314999978, 0.0 ], [ 107.804622542000061, -6.673804004999965, 0.0 ], [ 107.80221662200006, -6.674570525999968, 0.0 ], [ 107.802098999000066, -6.674608, 0.0 ], [ 107.802244383000073, -6.673873034999929, 0.0 ], [ 107.802245333000087, -6.673868229999925, 0.0 ], [ 107.80231148200005, -6.673618962999967, 0.0 ], [ 107.802391986000089, -6.673360513999967, 0.0 ], [ 107.80245926300006, -6.673191635999956, 0.0 ], [ 107.802474931000063, -6.673088825999969, 0.0 ], [ 107.802481667000052, -6.673065, 0.0 ], [ 107.802618496000036, -6.671906652999951, 0.0 ], [ 107.802621741000053, -6.671879929999932, 0.0 ], [ 107.802633886000081, -6.671779924999953, 0.0 ], [ 107.802705, -6.67118, 0.0 ], [ 107.802657082000053, -6.67061883599996, 0.0 ], [ 107.802656782000042, -6.670235446999925, 0.0 ], [ 107.802553111000066, -6.669060137999963, 0.0 ], [ 107.802522245000034, -6.668677809999963, 0.0 ], [ 107.802505969000038, -6.668338430999938, 0.0 ], [ 107.802475864000087, -6.66808997499993, 0.0 ], [ 107.802459915000043, -6.667807969999956, 0.0 ], [ 107.802439129000049, -6.667516428999932, 0.0 ], [ 107.802435896000077, -6.666947473999926, 0.0 ], [ 107.802415741000061, -6.666261951999957, 0.0 ], [ 107.80240475800008, -6.665675827999962, 0.0 ], [ 107.802398229000062, -6.665348073999951, 0.0 ], [ 107.801605921000032, -6.665590321999957, 0.0 ], [ 107.801197534000039, -6.665691231999972, 0.0 ], [ 107.800921335000055, -6.665753794999944, 0.0 ], [ 107.800797078000073, -6.665770393999935, 0.0 ], [ 107.798306493000041, -6.666103095999972, 0.0 ], [ 107.79840764000005, -6.665506, 0.0 ], [ 107.799390390000042, -6.663128112999971, 0.0 ], [ 107.800373292000074, -6.66075899599997, 0.0 ], [ 107.800596130000088, -6.660395434999941, 0.0 ], [ 107.800936754000077, -6.660304158999963, 0.0 ], [ 107.801085653000086, -6.658659750999959, 0.0 ], [ 107.800459114000034, -6.657965196999953, 0.0 ], [ 107.799812143000054, -6.657420443999968, 0.0 ], [ 107.799814465000054, -6.657415711999931, 0.0 ], [ 107.799797550000051, -6.657402025999943, 0.0 ], [ 107.800212672000043, -6.656590162999976, 0.0 ], [ 107.800895793000052, -6.65568348599993, 0.0 ], [ 107.801238351000052, -6.65522882199997, 0.0 ], [ 107.802050312000063, -6.654151136999928, 0.0 ], [ 107.80225259000008, -6.652791774999969, 0.0 ], [ 107.802355997000063, -6.652096853999979, 0.0 ], [ 107.802416011000048, -6.651693541999975, 0.0 ], [ 107.802468329000078, -6.651341950999949, 0.0 ], [ 107.802485236000052, -6.651228334999928, 0.0 ], [ 107.802451860000076, -6.651178278999964, 0.0 ], [ 107.802411932000041, -6.651118396999948, 0.0 ], [ 107.802433548000067, -6.651061842999979, 0.0 ], [ 107.802655888000061, -6.650480123999955, 0.0 ], [ 107.802668972000049, -6.650445889999958, 0.0 ], [ 107.803106420000063, -6.649301372999957, 0.0 ], [ 107.803246220000062, -6.648935605999952, 0.0 ], [ 107.803611894000085, -6.647978870999964, 0.0 ], [ 107.803615552000053, -6.647969300999932, 0.0 ], [ 107.803831217000038, -6.647366084999931, 0.0 ], [ 107.80411409900006, -6.647140493999927, 0.0 ], [ 107.804579060000037, -6.646769698999947, 0.0 ], [ 107.805033454000068, -6.646407330999978, 0.0 ], [ 107.805047040000034, -6.646396495999966, 0.0 ], [ 107.805091954000034, -6.64636067899994, 0.0 ], [ 107.805575305000048, -6.645975217999933, 0.0 ], [ 107.807516141000065, -6.644034604999945, 0.0 ], [ 107.807845771000075, -6.644284776999939, 0.0 ], [ 107.808363440000051, -6.644677658999967, 0.0 ], [ 107.808915740000089, -6.64509682299996, 0.0 ], [ 107.809080265000034, -6.645221688999925, 0.0 ], [ 107.809185386000081, -6.644484745999932, 0.0 ], [ 107.809295795000082, -6.643710736999935, 0.0 ], [ 107.809227754000062, -6.64260752499996, 0.0 ], [ 107.809153998000056, -6.641411620999975, 0.0 ], [ 107.80957776300005, -6.640834896999934, 0.0 ], [ 107.809617320000086, -6.640351430999942, 0.0 ], [ 107.809623796000039, -6.640347012999939, 0.0 ], [ 107.810264705000066, -6.639909813999964, 0.0 ], [ 107.810929051000073, -6.63945662499998, 0.0 ], [ 107.811424156000044, -6.639118884999959, 0.0 ], [ 107.813793411000063, -6.637502665999932, 0.0 ], [ 107.813964518000034, -6.637357403999943, 0.0 ], [ 107.818370479000066, -6.633616913999958, 0.0 ], [ 107.818398956000067, -6.633566928999926, 0.0 ], [ 107.818393120000053, -6.63354974899994, 0.0 ], [ 107.818376809000085, -6.633540279999977, 0.0 ], [ 107.818360551000069, -6.63354037199997, 0.0 ], [ 107.818339518000073, -6.63354144799996, 0.0 ], [ 107.818308938000087, -6.63354544699996, 0.0 ], [ 107.818266888000039, -6.633550466999964, 0.0 ], [ 107.818212395000046, -6.633553645999939, 0.0 ], [ 107.81815214900007, -6.63355398799996, 0.0 ], [ 107.818095705000076, -6.633550483999954, 0.0 ], [ 107.818047808000074, -6.633536412999945, 0.0 ], [ 107.818015158000037, -6.633512691999954, 0.0 ], [ 107.817986317000077, -6.633486081999934, 0.0 ], [ 107.817949608000049, -6.633421264999981, 0.0 ], [ 107.817916456000034, -6.633311101999936, 0.0 ], [ 107.817879529000038, -6.633235481999975, 0.0 ], [ 107.817797558000052, -6.633068513999945, 0.0 ], [ 107.817752804000065, -6.632981810999979, 0.0 ], [ 107.817707944000063, -6.632804501999942, 0.0 ], [ 107.817677468000056, -6.632664491999947, 0.0 ], [ 107.817657, -6.632552000999965, 0.0 ], [ 107.817609957000059, -6.632355989999951, 0.0 ], [ 107.817546667000045, -6.632201185999975, 0.0 ], [ 107.817409944000076, -6.631862615999978, 0.0 ], [ 107.817361068000082, -6.631754056999966, 0.0 ], [ 107.817345271000079, -6.631706267999959, 0.0 ], [ 107.817334456000083, -6.631656676999967, 0.0 ], [ 107.817335033000063, -6.63163273999993, 0.0 ], [ 107.817341862000035, -6.631606851999948, 0.0 ], [ 107.817384614000048, -6.631495547999975, 0.0 ], [ 107.817407116000084, -6.63144807499998, 0.0 ], [ 107.817412546000071, -6.631437674999972, 0.0 ], [ 107.817428452000058, -6.631411107999952, 0.0 ], [ 107.817486255000063, -6.631325902999947, 0.0 ], [ 107.817515015000083, -6.631283508999957, 0.0 ], [ 107.817536425000071, -6.631239237999978, 0.0 ], [ 107.817575430000034, -6.631161841999926, 0.0 ], [ 107.817581790000077, -6.631145434999951, 0.0 ], [ 107.817585509000082, -6.631069774999958, 0.0 ], [ 107.817583374000037, -6.631030580999948, 0.0 ], [ 107.817571653000073, -6.63098761599997, 0.0 ], [ 107.817558026000086, -6.630945618999931, 0.0 ], [ 107.817515596000078, -6.630883703999928, 0.0 ], [ 107.817412280000042, -6.630739907999953, 0.0 ], [ 107.817321412000069, -6.630653951999932, 0.0 ], [ 107.817272548000062, -6.630590498999936, 0.0 ], [ 107.817126859000041, -6.630374615999926, 0.0 ], [ 107.817059232000076, -6.630282763999958, 0.0 ], [ 107.816938303000086, -6.630140394999955, 0.0 ], [ 107.816792669000051, -6.62990072499997, 0.0 ], [ 107.816775466000081, -6.629818345999979, 0.0 ], [ 107.816777544000047, -6.629763349999962, 0.0 ], [ 107.816790394000066, -6.629710682999928, 0.0 ], [ 107.816805649000059, -6.629660393999927, 0.0 ], [ 107.816829291000033, -6.629613641999981, 0.0 ], [ 107.816849402000059, -6.629576473999975, 0.0 ], [ 107.81687078300007, -6.629552445999934, 0.0 ], [ 107.816889780000054, -6.629529626999954, 0.0 ], [ 107.816907588000049, -6.629508009999938, 0.0 ], [ 107.816920629000037, -6.629488810999931, 0.0 ], [ 107.816978781000046, -6.629414371999928, 0.0 ], [ 107.816994178000073, -6.629389182999944, 0.0 ], [ 107.816995142000053, -6.629348536999942, 0.0 ], [ 107.816993804000049, -6.629323442999976, 0.0 ], [ 107.816980513000033, -6.629298416999973, 0.0 ], [ 107.816940937000084, -6.629275930999938, 0.0 ], [ 107.816737222000086, -6.629188634999934, 0.0 ], [ 107.816466697000067, -6.62911831599996, 0.0 ], [ 107.816360425000084, -6.629078833999927, 0.0 ], [ 107.816231078000044, -6.629025070999944, 0.0 ], [ 107.816155044000084, -6.628975589999925, 0.0 ], [ 107.816126145000055, -6.628938699999935, 0.0 ], [ 107.816116351000062, -6.62889811499997, 0.0 ], [ 107.816115006000075, -6.628871824999976, 0.0 ], [ 107.816139790000079, -6.628815504999977, 0.0 ], [ 107.816174273000058, -6.628783035999959, 0.0 ], [ 107.816220607000048, -6.628732569999954, 0.0 ], [ 107.816246681000052, -6.628692976999957, 0.0 ], [ 107.81626914800006, -6.628649817999928, 0.0 ], [ 107.816338664000057, -6.628471321999939, 0.0 ], [ 107.816349123000066, -6.628418668999927, 0.0 ], [ 107.816349898000055, -6.628344554999956, 0.0 ], [ 107.816349592000051, -6.628290767999943, 0.0 ], [ 107.816348459000039, -6.628091157999961, 0.0 ], [ 107.816349396000078, -6.628045730999929, 0.0 ], [ 107.816343209000081, -6.62800871099995, 0.0 ], [ 107.816334679000079, -6.627980071999957, 0.0 ], [ 107.816321441000071, -6.627964607999957, 0.0 ], [ 107.816283115000033, -6.627951676999942, 0.0 ], [ 107.816253204000077, -6.627947065999933, 0.0 ], [ 107.816235273000075, -6.627947167999935, 0.0 ], [ 107.816155387000038, -6.627983480999944, 0.0 ], [ 107.81612434200008, -6.62798963299997, 0.0 ], [ 107.816093276000061, -6.627992199999937, 0.0 ], [ 107.816066978000038, -6.627992349999943, 0.0 ], [ 107.816021513000067, -6.62798543599996, 0.0 ], [ 107.815977196000063, -6.627970148999964, 0.0 ], [ 107.815875237000057, -6.627908570999978, 0.0 ], [ 107.815776810000045, -6.627837410999973, 0.0 ], [ 107.815689047000035, -6.627749455999947, 0.0 ], [ 107.815614344000039, -6.627645887999961, 0.0 ], [ 107.815582871000061, -6.627576738999949, 0.0 ], [ 107.815579067000044, -6.627538510999955, 0.0 ], [ 107.815580059000069, -6.627502645999925, 0.0 ], [ 107.815588223000077, -6.627466739999932, 0.0 ], [ 107.815694415000053, -6.627221098999939, 0.0 ], [ 107.815758205000066, -6.627086861999942, 0.0 ], [ 107.815779307000071, -6.627013827999974, 0.0 ], [ 107.815799269000081, -6.626950362999935, 0.0 ], [ 107.815812126000083, -6.626898891999929, 0.0 ], [ 107.815816564000045, -6.626834899999949, 0.0 ], [ 107.815768121000076, -6.626364818999946, 0.0 ], [ 107.815779418000034, -6.626004850999948, 0.0 ], [ 107.815788673000043, -6.625924703999942, 0.0 ], [ 107.815793214000053, -6.625898659999962, 0.0 ], [ 107.815804803000049, -6.625862801999972, 0.0 ], [ 107.815825109000059, -6.625812789999941, 0.0 ], [ 107.815836458000035, -6.625790492999954, 0.0 ], [ 107.815868522000073, -6.625751106999928, 0.0 ], [ 107.815881320000074, -6.625743216999979, 0.0 ], [ 107.815916728000047, -6.625727475999952, 0.0 ], [ 107.815939338000078, -6.625719624999931, 0.0 ], [ 107.815952949000064, -6.625715164999974, 0.0 ], [ 107.815973163000081, -6.625710792999939, 0.0 ], [ 107.815979766000055, -6.625710880999975, 0.0 ], [ 107.816009196000039, -6.625716530999966, 0.0 ], [ 107.816017975000079, -6.625722034999967, 0.0 ], [ 107.816029026000081, -6.62573694699995, 0.0 ], [ 107.816031297000052, -6.625746355999979, 0.0 ], [ 107.816030033000061, -6.62577648499996, 0.0 ], [ 107.816027441000074, -6.625825267999971, 0.0 ], [ 107.816027747000078, -6.62588289699994, 0.0 ], [ 107.816029774000071, -6.625902966999945, 0.0 ], [ 107.816035155000066, -6.625924451999936, 0.0 ], [ 107.816040494000049, -6.62593828699994, 0.0 ], [ 107.816061168000033, -6.625958250999929, 0.0 ], [ 107.81610818300004, -6.625985715999946, 0.0 ], [ 107.816143188000069, -6.626003207999929, 0.0 ], [ 107.816171437000037, -6.626009740999962, 0.0 ], [ 107.816199166000047, -6.62600910499998, 0.0 ], [ 107.816223516000036, -6.626002751999977, 0.0 ], [ 107.816245940000044, -6.625994017999972, 0.0 ], [ 107.816266435000045, -6.62598242699994, 0.0 ], [ 107.816280245000087, -6.625972307999973, 0.0 ], [ 107.816439209000066, -6.625841833999971, 0.0 ], [ 107.816570943000045, -6.625715578999973, 0.0 ], [ 107.816639887000065, -6.625647054999945, 0.0 ], [ 107.816687375000072, -6.625589409999975, 0.0 ], [ 107.81670752000008, -6.625558217999981, 0.0 ], [ 107.816725240000039, -6.625521062999951, 0.0 ], [ 107.81673341700008, -6.625487546999977, 0.0 ], [ 107.816734430000054, -6.625455267999939, 0.0 ], [ 107.816709613000057, -6.625295237999978, 0.0 ], [ 107.81669977200005, -6.625246285999935, 0.0 ], [ 107.816687649000073, -6.625216471999977, 0.0 ], [ 107.816670731000045, -6.62518429499994, 0.0 ], [ 107.816640636000045, -6.625142580999977, 0.0 ], [ 107.816518586000086, -6.625025554999979, 0.0 ], [ 107.816487644000063, -6.62500238399997, 0.0 ], [ 107.816444480000087, -6.624973961999956, 0.0 ], [ 107.816414426000051, -6.624944249999942, 0.0 ], [ 107.816385480000065, -6.624898991999942, 0.0 ], [ 107.81636250300005, -6.624852505999968, 0.0 ], [ 107.816352744000085, -6.624817896999957, 0.0 ], [ 107.816358449000063, -6.624770051999974, 0.0 ], [ 107.816372084000079, -6.624750251999956, 0.0 ], [ 107.816389405000052, -6.624729771999966, 0.0 ], [ 107.816422781000085, -6.624709689999975, 0.0 ], [ 107.816432320000047, -6.624705331999962, 0.0 ], [ 107.816454284000088, -6.624699947999943, 0.0 ], [ 107.816467191000072, -6.624699396999972, 0.0 ], [ 107.81652560100008, -6.624712452999972, 0.0 ], [ 107.816552399000045, -6.624716125999953, 0.0 ], [ 107.816590677000079, -6.624720689999947, 0.0 ], [ 107.816638964000049, -6.624719459999937, 0.0 ], [ 107.816674298000066, -6.624710652999966, 0.0 ], [ 107.816697205000082, -6.624702872999933, 0.0 ], [ 107.816765360000034, -6.62466375799994, 0.0 ], [ 107.81686015300005, -6.624628316999974, 0.0 ], [ 107.816918603000033, -6.624606468999957, 0.0 ], [ 107.816948365000087, -6.624584784999968, 0.0 ], [ 107.816979281000044, -6.624555921999956, 0.0 ], [ 107.817005436000045, -6.624530671999935, 0.0 ], [ 107.817033949000063, -6.624499431999936, 0.0 ], [ 107.817124812000088, -6.624376930999972, 0.0 ], [ 107.817178194000064, -6.624218910999957, 0.0 ], [ 107.817234228000075, -6.623981921999928, 0.0 ], [ 107.817268787000046, -6.623895307999931, 0.0 ], [ 107.817307068000048, -6.623793221999961, 0.0 ], [ 107.81739992200005, -6.623689325999976, 0.0 ], [ 107.817513168000062, -6.623633698999981, 0.0 ], [ 107.817644453000071, -6.623597093999933, 0.0 ], [ 107.817742343000077, -6.623573827999962, 0.0 ], [ 107.817865126000072, -6.623551575999954, 0.0 ], [ 107.818011101000081, -6.623537637999959, 0.0 ], [ 107.818082876000062, -6.623546792999946, 0.0 ], [ 107.818143982000038, -6.623571546999926, 0.0 ], [ 107.818338247000042, -6.62367921699996, 0.0 ], [ 107.818510880000076, -6.623766689999968, 0.0 ], [ 107.818719672000043, -6.623906550999948, 0.0 ], [ 107.818832704000044, -6.623991246999935, 0.0 ], [ 107.818861923000043, -6.623998480999944, 0.0 ], [ 107.818958111000086, -6.624004406999973, 0.0 ], [ 107.819028603000049, -6.623998029999939, 0.0 ], [ 107.819087107000087, -6.62398574499997, 0.0 ], [ 107.819139533000055, -6.623955563999971, 0.0 ], [ 107.819194254000081, -6.623908635999953, 0.0 ], [ 107.819256073000076, -6.623848519999967, 0.0 ], [ 107.819407421000051, -6.623704596999971, 0.0 ], [ 107.819631747000074, -6.623484207999979, 0.0 ], [ 107.819760260000066, -6.623380680999958, 0.0 ], [ 107.819819811000059, -6.623342092999962, 0.0 ], [ 107.819897278000042, -6.623301012999946, 0.0 ], [ 107.819952141000044, -6.623279185999934, 0.0 ], [ 107.819998679000037, -6.623264577999976, 0.0 ], [ 107.820041704000062, -6.62326313799997, 0.0 ], [ 107.820115843000053, -6.623267497999962, 0.0 ], [ 107.820155358000079, -6.623279225999966, 0.0 ], [ 107.820217645000071, -6.623301582999943, 0.0 ], [ 107.820253628000046, -6.623322893999955, 0.0 ], [ 107.820409478000045, -6.623402093999971, 0.0 ], [ 107.820489859000077, -6.623453035999944, 0.0 ], [ 107.820564269000045, -6.623505205999948, 0.0 ], [ 107.820631684000034, -6.623588494999979, 0.0 ], [ 107.820654593000086, -6.62362302799994, 0.0 ], [ 107.820658349000041, -6.62365288999996, 0.0 ], [ 107.820662173000073, -6.623694703999945, 0.0 ], [ 107.820659932000069, -6.623721012999965, 0.0 ], [ 107.820647027000064, -6.62376411799994, 0.0 ], [ 107.820628112000065, -6.623801279999952, 0.0 ], [ 107.820591274000037, -6.623839738999948, 0.0 ], [ 107.820550904000072, -6.623887779999961, 0.0 ], [ 107.82037592100005, -6.624017867999953, 0.0 ], [ 107.82032952600008, -6.624057576999974, 0.0 ], [ 107.820302155000036, -6.62407924799993, 0.0 ], [ 107.820274818000087, -6.624106894999954, 0.0 ], [ 107.820255883000073, -6.624140470999976, 0.0 ], [ 107.820245261000082, -6.62416443799998, 0.0 ], [ 107.820241777000035, -6.624182386999962, 0.0 ], [ 107.820183361000034, -6.624630958999944, 0.0 ], [ 107.820196017000058, -6.624851748999959, 0.0 ], [ 107.820206978000044, -6.624891439999942, 0.0 ], [ 107.820281197000043, -6.625018876999945, 0.0 ], [ 107.820332930000063, -6.62507715299995, 0.0 ], [ 107.820380955000076, -6.625113934999945, 0.0 ], [ 107.820437245000051, -6.62513273999997, 0.0 ], [ 107.820479117000048, -6.62513847799994, 0.0 ], [ 107.820548393000081, -6.625128521999955, 0.0 ], [ 107.820600853000087, -6.625104317999956, 0.0 ], [ 107.820641304000048, -6.625070618999928, 0.0 ], [ 107.820679331000065, -6.625030957999968, 0.0 ], [ 107.820703062000064, -6.624999744999968, 0.0 ], [ 107.820750652000072, -6.624960029999954, 0.0 ], [ 107.82077924500004, -6.624943132999931, 0.0 ], [ 107.820848805000082, -6.624893303999954, 0.0 ], [ 107.821172502000081, -6.624502634999942, 0.0 ], [ 107.821422477000056, -6.624233927999967, 0.0 ], [ 107.821703546000037, -6.623882343999981, 0.0 ], [ 107.821927717000051, -6.623615233999942, 0.0 ], [ 107.822028539000087, -6.623519036999937, 0.0 ], [ 107.822169687000041, -6.623451296999974, 0.0 ], [ 107.822202103000052, -6.623433899999952, 0.0 ], [ 107.822270607000064, -6.623372310999969, 0.0 ], [ 107.822291449000033, -6.623337767999942, 0.0 ], [ 107.822408157000041, -6.623008156999958, 0.0 ], [ 107.822507989000087, -6.622737927999935, 0.0 ], [ 107.822615895000069, -6.622542240999962, 0.0 ], [ 107.822898470000041, -6.621927491999941, 0.0 ], [ 107.823024395000061, -6.621729024999979, 0.0 ], [ 107.823069687000043, -6.621621667999932, 0.0 ], [ 107.823099744000046, -6.621525872999939, 0.0 ], [ 107.82311082800004, -6.621456959999932, 0.0 ], [ 107.823104329000046, -6.621323122999968, 0.0 ], [ 107.823090506000085, -6.621246701999951, 0.0 ], [ 107.822971496000036, -6.620884304999947, 0.0 ], [ 107.822883770000033, -6.620683295999982, 0.0 ], [ 107.822801637000055, -6.620534349999957, 0.0 ], [ 107.82267734800007, -6.620329463999951, 0.0 ], [ 107.82251197000005, -6.620030417999942, 0.0 ], [ 107.822456148000072, -6.619899215999965, 0.0 ], [ 107.822435311000049, -6.619808491999947, 0.0 ], [ 107.822432323000044, -6.619703321999964, 0.0 ], [ 107.822429185000033, -6.619571855999936, 0.0 ], [ 107.822439664000058, -6.619312415999957, 0.0 ], [ 107.822455937000086, -6.619231042999957, 0.0 ], [ 107.822490187000085, -6.619157933999929, 0.0 ], [ 107.822536438000043, -6.619093124999949, 0.0 ], [ 107.822611289000065, -6.619012613999928, 0.0 ], [ 107.822693313000059, -6.618932062999932, 0.0 ], [ 107.82292054800007, -6.618741912999951, 0.0 ], [ 107.822977653000066, -6.618693776999976, 0.0 ], [ 107.823021744000073, -6.618669619999935, 0.0 ], [ 107.823128937000035, -6.618600878999928, 0.0 ], [ 107.823187264000069, -6.618557515999953, 0.0 ], [ 107.823311219000061, -6.618493460999957, 0.0 ], [ 107.823345843000084, -6.618486091999955, 0.0 ], [ 107.823380378000081, -6.618463184999939, 0.0 ], [ 107.823405209000043, -6.618415231999961, 0.0 ], [ 107.823422867000033, -6.618367318999958, 0.0 ], [ 107.823439323000059, -6.618318217999956, 0.0 ], [ 107.823455806000084, -6.618273897999927, 0.0 ], [ 107.823514199000044, -6.618174074999956, 0.0 ], [ 107.823582790000046, -6.618111809999959, 0.0 ], [ 107.823631676000048, -6.618090016999929, 0.0 ], [ 107.823681812000075, -6.618077778999975, 0.0 ], [ 107.823712911000086, -6.618081187999962, 0.0 ], [ 107.823759604000088, -6.618094070999973, 0.0 ], [ 107.823783572000082, -6.618104692999964, 0.0 ], [ 107.823936100000083, -6.61823052799997, 0.0 ], [ 107.824124053000048, -6.618490034999979, 0.0 ], [ 107.824289900000053, -6.618645676999961, 0.0 ], [ 107.824354774000085, -6.618702681999935, 0.0 ], [ 107.82442562500006, -6.618759653999973, 0.0 ], [ 107.824504789000059, -6.618807015999948, 0.0 ], [ 107.824544371000059, -6.618830696999964, 0.0 ], [ 107.824606664000044, -6.61885424899998, 0.0 ], [ 107.824665311000047, -6.618867063999971, 0.0 ], [ 107.824722693000069, -6.618867932999933, 0.0 ], [ 107.824789699000064, -6.618840950999981, 0.0 ], [ 107.824840481000081, -6.618805195999926, 0.0 ], [ 107.825005449000059, -6.618611854999926, 0.0 ], [ 107.825113354000052, -6.618474542999934, 0.0 ], [ 107.825200464000034, -6.618381117999945, 0.0 ], [ 107.825248080000051, -6.618346183999961, 0.0 ], [ 107.825296966000053, -6.618324389999941, 0.0 ], [ 107.825369834000071, -6.618315608999978, 0.0 ], [ 107.825443938000035, -6.618313991999969, 0.0 ], [ 107.825540841000077, -6.618327783999973, 0.0 ], [ 107.825615122000045, -6.618357243999981, 0.0 ], [ 107.825756504000083, -6.618415009999978, 0.0 ], [ 107.825779297000054, -6.618429223999954, 0.0 ], [ 107.825786565000044, -6.618445916999974, 0.0 ], [ 107.825797493000039, -6.618475736999926, 0.0 ], [ 107.825796494000087, -6.618510405999928, 0.0 ], [ 107.825736168000049, -6.618689142999926, 0.0 ], [ 107.825722542000051, -6.61874869199994, 0.0 ], [ 107.825726345000078, -6.618786919999934, 0.0 ], [ 107.825728886000036, -6.618813201999956, 0.0 ], [ 107.825735094000038, -6.618853806999937, 0.0 ], [ 107.825748473000033, -6.618894370999953, 0.0 ], [ 107.825794250000058, -6.618956265999941, 0.0 ], [ 107.825855497000077, -6.619006119999938, 0.0 ], [ 107.82595398400008, -6.619088035999937, 0.0 ], [ 107.826005547000079, -6.619116429999963, 0.0 ], [ 107.826041488000044, -6.619130568999935, 0.0 ], [ 107.826083420000089, -6.619147063999947, 0.0 ], [ 107.826102607000053, -6.619157712999936, 0.0 ], [ 107.826154503000055, -6.619174441999974, 0.0 ], [ 107.826216702000067, -6.619200292999949, 0.0 ], [ 107.826276297000049, -6.619221270999958, 0.0 ], [ 107.826309876000039, -6.619240204999926, 0.0 ], [ 107.826327908000053, -6.619258031999948, 0.0 ], [ 107.826348351000036, -6.619279430999939, 0.0 ], [ 107.826361629000075, -6.619302065999932, 0.0 ], [ 107.826364419000072, -6.61933401899995, 0.0 ], [ 107.826368140000056, -6.619360996999944, 0.0 ], [ 107.826373553000053, -6.619366942999932, 0.0 ], [ 107.82638614800004, -6.619374639999933, 0.0 ], [ 107.826487440000051, -6.619424265999953, 0.0 ], [ 107.826510820000067, -6.619436683999936, 0.0 ], [ 107.826532992000068, -6.619446717999949, 0.0 ], [ 107.826544385000034, -6.619453226999951, 0.0 ], [ 107.82658576700004, -6.619478092999941, 0.0 ], [ 107.826610346000052, -6.619491100999937, 0.0 ], [ 107.82662414300006, -6.619499987999973, 0.0 ], [ 107.826649327000041, -6.619514187999926, 0.0 ], [ 107.826667936000035, -6.619528425999931, 0.0 ], [ 107.826718, -6.619565, 0.0 ] ] ] ] } },
{ "type": "Feature", "properties": { "NAMOBJ": "Cimenteng", "FCODE": "BA03070040", "REMARK": "", "METADATA": "TASWIL1000020230928_DATA_BATAS_DESAKELURAHAN", "SRS_ID": "SRGI 2013", "KDBBPS": null, "KDCBPS": null, "KDCPUM": "32.03.15", "KDEBPS": null, "KDEPUM": "32.03.15.2002", "KDPBPS": null, "KDPKAB": "32.03", "KDPPUM": "32", "LUASWH": 1359.124498795378, "TIPADM": 1.0, "WADMKC": "Campaka", "WADMKD": "Cimenteng", "WADMKK": "Cianjur", "WADMPR": "Jawa Barat", "WIADKC": null, "WIADKK": null, "WIADPR": null, "WIADKD": null, "UUPP": "Kesepakatan Teknis Batas Wilayah Administrasi Desa/Kelurahan Tahun 2021", "Shape_Length": 0.18055066937268494, "Shape_Area": 0.0011121729976621268 }, "geometry": { "type": "MultiPolygon", "coordinates": [ [ [ [ 107.080410291000078, -6.962112113999979, 0.0 ], [ 107.080661021000083, -6.962571290999961, 0.0 ], [ 107.080847119000055, -6.962886646999948, 0.0 ], [ 107.081054004000066, -6.963119903999939, 0.0 ], [ 107.080988154000067, -6.963358893999953, 0.0 ], [ 107.080971126000065, -6.963405849999958, 0.0 ], [ 107.080857194000089, -6.963408264999941, 0.0 ], [ 107.08077406600006, -6.963447857999938, 0.0 ], [ 107.080720552000059, -6.963472011999954, 0.0 ], [ 107.080656548000036, -6.963505779999934, 0.0 ], [ 107.080581051000081, -6.963538641999946, 0.0 ], [ 107.080495259000088, -6.963625796999963, 0.0 ], [ 107.080445778000069, -6.963695856999948, 0.0 ], [ 107.080362089000062, -6.963825386999929, 0.0 ], [ 107.080314556000076, -6.963903092999942, 0.0 ], [ 107.080197831000078, -6.963923697999974, 0.0 ], [ 107.080101210000066, -6.963943258999961, 0.0 ], [ 107.080013243000053, -6.963971390999973, 0.0 ], [ 107.079928166000059, -6.96400333899993, 0.0 ], [ 107.079895831000044, -6.964053231999969, 0.0 ], [ 107.079878790000066, -6.964097317999972, 0.0 ], [ 107.079835893000052, -6.964140559999976, 0.0 ], [ 107.079769067000086, -6.964185820999944, 0.0 ], [ 107.079694630000063, -6.964176596999948, 0.0 ], [ 107.07964621800005, -6.964165368999943, 0.0 ], [ 107.079574176000051, -6.964157309999962, 0.0 ], [ 107.079490443000054, -6.964188003999936, 0.0 ], [ 107.079414050000082, -6.964235220999967, 0.0 ], [ 107.079336743000056, -6.964292008999962, 0.0 ], [ 107.079293900000039, -6.964347688999965, 0.0 ], [ 107.079265479000071, -6.964416700999948, 0.0 ], [ 107.079232279000053, -6.964487645999952, 0.0 ], [ 107.079173142000059, -6.964539570999932, 0.0 ], [ 107.079047939000077, -6.964591785999971, 0.0 ], [ 107.078925617000039, -6.964645901999972, 0.0 ], [ 107.078851953000083, -6.96466057799995, 0.0 ], [ 107.078772545000049, -6.964675277999959, 0.0 ], [ 107.078713366000045, -6.964717635999932, 0.0 ], [ 107.078648506000036, -6.96477436899994, 0.0 ], [ 107.078637277000041, -6.964833736999935, 0.0 ], [ 107.078619262000075, -6.964874, 0.0 ], [ 107.078560045000074, -6.964907746999927, 0.0 ], [ 107.078517920000081, -6.964908888999958, 0.0 ], [ 107.078452836000054, -6.964914915999941, 0.0 ], [ 107.078377308000086, -6.96494107999996, 0.0 ], [ 107.078326789000073, -6.964992966999944, 0.0 ], [ 107.078307635000044, -6.96505000999997, 0.0 ], [ 107.078309870000055, -6.965122712999971, 0.0 ], [ 107.078304310000078, -6.965164834999939, 0.0 ], [ 107.078301627000087, -6.965207899999939, 0.0 ], [ 107.078281115000038, -6.96533332499996, 0.0 ], [ 107.078246294000053, -6.96547124999995, 0.0 ], [ 107.078215836000084, -6.965512524999951, 0.0 ], [ 107.078172976000076, -6.965564377999954, 0.0 ], [ 107.078080226000054, -6.965593487999968, 0.0 ], [ 107.077997180000068, -6.965588694999951, 0.0 ], [ 107.077910809000059, -6.96560762799993, 0.0 ], [ 107.077841035000063, -6.965635679999934, 0.0 ], [ 107.07776169400006, -6.965665687999945, 0.0 ], [ 107.077756134000083, -6.965707809999969, 0.0 ], [ 107.077748706000079, -6.96576046399997, 0.0 ], [ 107.077733795000086, -6.965853334999963, 0.0 ], [ 107.077873103000059, -6.965959878999968, 0.0 ], [ 107.077945164000084, -6.966018327999961, 0.0 ], [ 107.077980794000041, -6.966188719999934, 0.0 ], [ 107.077995103000035, -6.966267415999937, 0.0 ], [ 107.078018892000046, -6.966294473999938, 0.0 ], [ 107.078048849000083, -6.96629588299993, 0.0 ], [ 107.078111923000051, -6.96629726599997, 0.0 ], [ 107.078147530000081, -6.966308842999979, 0.0 ], [ 107.07814589700007, -6.966372952999961, 0.0 ], [ 107.078138049000074, -6.966415405999953, 0.0 ], [ 107.078154848000054, -6.966448496999931, 0.0 ], [ 107.07820212300004, -6.96646465699996, 0.0 ], [ 107.078248994000035, -6.966518882999935, 0.0 ], [ 107.078324742000063, -6.966527481999947, 0.0 ], [ 107.078371029000039, -6.966616890999944, 0.0 ], [ 107.078404728000066, -6.966859489999933, 0.0 ], [ 107.078553441000054, -6.967001116999938, 0.0 ], [ 107.078561531000048, -6.967041807999976, 0.0 ], [ 107.078587693000088, -6.96708044199994, 0.0 ], [ 107.078609416000063, -6.967121007999936, 0.0 ], [ 107.078622756000073, -6.967160414999967, 0.0 ], [ 107.078648021000049, -6.967190202999973, 0.0 ], [ 107.078654269000083, -6.967249971999934, 0.0 ], [ 107.078664055000047, -6.967297766999934, 0.0 ], [ 107.078659420000065, -6.967332469999974, 0.0 ], [ 107.078643281000041, -6.967364485999951, 0.0 ], [ 107.078665363000084, -6.967399849999936, 0.0 ], [ 107.078680477000034, -6.967430032999971, 0.0 ], [ 107.078702460000045, -6.967465700999981, 0.0 ], [ 107.078713839000045, -6.967492971999945, 0.0 ], [ 107.078716198000052, -6.967498624999962, 0.0 ], [ 107.078725815000041, -6.967530176999958, 0.0 ], [ 107.07873268700007, -6.967568587999949, 0.0 ], [ 107.078734059000055, -6.967594652999935, 0.0 ], [ 107.078735433000077, -6.967635807999955, 0.0 ], [ 107.078746427000056, -6.967670105999957, 0.0 ], [ 107.078753296000059, -6.967696170999943, 0.0 ], [ 107.078762911000069, -6.967719491999958, 0.0 ], [ 107.078771492000044, -6.96773305499994, 0.0 ], [ 107.07877390200008, -6.967736860999935, 0.0 ], [ 107.078798631000041, -6.967772528999944, 0.0 ], [ 107.078804130000037, -6.967808196999954, 0.0 ], [ 107.078787642000066, -6.967834262999929, 0.0 ], [ 107.078772528000059, -6.967860327999972, 0.0 ], [ 107.078764615000068, -6.967872966999948, 0.0 ], [ 107.078758788000073, -6.967882275999955, 0.0 ], [ 107.078751920000059, -6.967909714999962, 0.0 ], [ 107.078747795000083, -6.967946752999978, 0.0 ], [ 107.07874785100006, -6.967947637999941, 0.0 ], [ 107.078750545000048, -6.967990653999948, 0.0 ], [ 107.078754979000053, -6.96801722999993, 0.0 ], [ 107.078756039000041, -6.968023577999929, 0.0 ], [ 107.078757414000052, -6.968055130999971, 0.0 ], [ 107.078751920000059, -6.968078452999976, 0.0 ], [ 107.078747848000035, -6.968084732999955, 0.0 ], [ 107.078736806000052, -6.968101773999933, 0.0 ], [ 107.078734055000041, -6.968119607999938, 0.0 ], [ 107.078738178000037, -6.968162134999943, 0.0 ], [ 107.078739273000053, -6.968165898999928, 0.0 ], [ 107.078750545000048, -6.968204661999948, 0.0 ], [ 107.078768392000086, -6.968244083999934, 0.0 ], [ 107.078798620000043, -6.968312677999961, 0.0 ], [ 107.078802739000082, -6.96837852699997, 0.0 ], [ 107.078793121000047, -6.968427910999935, 0.0 ], [ 107.078793122000036, -6.968455350999932, 0.0 ], [ 107.07878519500008, -6.96851841299997, 0.0 ], [ 107.078779670000074, -6.96859287999996, 0.0 ], [ 107.078754809000088, -6.968648042999973, 0.0 ], [ 107.078713376000053, -6.968686653999953, 0.0 ], [ 107.078696802000081, -6.968722508999974, 0.0 ], [ 107.078649846000076, -6.968796977999943, 0.0 ], [ 107.07861117200008, -6.96886041199997, 0.0 ], [ 107.078591838000079, -6.968896266999934, 0.0 ], [ 107.078588600000046, -6.968903092999938, 0.0 ], [ 107.078566977000037, -6.968948671999954, 0.0 ], [ 107.078539352000064, -6.969006591999971, 0.0 ], [ 107.078520018000063, -6.969064509999953, 0.0 ], [ 107.078495156000088, -6.969150007999929, 0.0 ], [ 107.078467533000037, -6.969218960999967, 0.0 ], [ 107.07846191200008, -6.969391351999946, 0.0 ], [ 107.078448101000049, -6.969498917999942, 0.0 ], [ 107.078470198000048, -6.96958165999996, 0.0 ], [ 107.078492297000082, -6.969661643999927, 0.0 ], [ 107.078506132000086, -6.969734614999936, 0.0 ], [ 107.078514419000044, -6.969795291999958, 0.0 ], [ 107.078492319000077, -6.969897340999978, 0.0 ], [ 107.07847298300004, -6.969974563999926, 0.0 ], [ 107.07847298300004, -6.970040756999936, 0.0 ], [ 107.078481270000054, -6.970123499999943, 0.0 ], [ 107.078506132000086, -6.970197969999958, 0.0 ], [ 107.078533757000059, -6.97025588899993, 0.0 ], [ 107.078555852000079, -6.97029725799996, 0.0 ], [ 107.078569720000075, -6.970353930999977, 0.0 ], [ 107.078583531000049, -6.970409092999944, 0.0 ], [ 107.078613914000073, -6.970494592999955, 0.0 ], [ 107.078647061000083, -6.970555268999931, 0.0 ], [ 107.078694019000068, -6.970635251999965, 0.0 ], [ 107.078727168000057, -6.970690414999979, 0.0 ], [ 107.078757551000081, -6.970734543999981, 0.0 ], [ 107.078796225000076, -6.970773157999929, 0.0 ], [ 107.078870806000054, -6.970839349999949, 0.0 ], [ 107.078921444000059, -6.970859442999938, 0.0 ], [ 107.078966032000039, -6.970885356999929, 0.0 ], [ 107.078989992000061, -6.970906621999973, 0.0 ], [ 107.079009290000045, -6.970935191999956, 0.0 ], [ 107.079017275000069, -6.97095180599996, 0.0 ], [ 107.079024599000036, -6.970972404999941, 0.0 ], [ 107.079030207000073, -6.970987911999941, 0.0 ], [ 107.079033248000087, -6.970996325999977, 0.0 ], [ 107.079103906000057, -6.97110067899996, 0.0 ], [ 107.079165242000045, -6.971158516999935, 0.0 ], [ 107.079202719000079, -6.971187433999944, 0.0 ], [ 107.079253830000084, -6.97122485899996, 0.0 ], [ 107.07931005100005, -6.971274190999964, 0.0 ], [ 107.079344123000055, -6.971320117999937, 0.0 ], [ 107.079383308000047, -6.971364347999952, 0.0 ], [ 107.079431011000054, -6.971423884999979, 0.0 ], [ 107.079454862000034, -6.971457904999966, 0.0 ], [ 107.079497637000088, -6.971527078999941, 0.0 ], [ 107.07958625200007, -6.971644691999927, 0.0 ], [ 107.079611807000049, -6.971714433999978, 0.0 ], [ 107.079647585000089, -6.971911760999944, 0.0 ], [ 107.079668046000052, -6.972062061999964, 0.0 ], [ 107.079662935000044, -6.972128403999932, 0.0 ], [ 107.079661232000035, -6.972201548999976, 0.0 ], [ 107.079659434000064, -6.972236295999949, 0.0 ], [ 107.079633265000041, -6.972323390999975, 0.0 ], [ 107.079589652000038, -6.972414841999978, 0.0 ], [ 107.079567847000078, -6.972493225999926, 0.0 ], [ 107.079567847000078, -6.972536772999945, 0.0 ], [ 107.079605466000032, -6.972621883999977, 0.0 ], [ 107.07982233000007, -6.972892306999938, 0.0 ], [ 107.079849228000057, -6.972937965999961, 0.0 ], [ 107.079859990000045, -6.972967507999954, 0.0 ], [ 107.079870748000076, -6.973023913999953, 0.0 ], [ 107.079878819000044, -6.973056143999941, 0.0 ], [ 107.079892268000037, -6.973120602999927, 0.0 ], [ 107.079903029000036, -6.973150147999945, 0.0 ], [ 107.079924546000086, -6.973177003999979, 0.0 ], [ 107.079962993000038, -6.973211598999967, 0.0 ], [ 107.079978839000034, -6.973234010999931, 0.0 ], [ 107.080005244000063, -6.973270921999926, 0.0 ], [ 107.080021091000049, -6.973298605999958, 0.0 ], [ 107.080036932000041, -6.973331564999967, 0.0 ], [ 107.080047517000082, -6.973351383999955, 0.0 ], [ 107.080078008000044, -6.973410940999941, 0.0 ], [ 107.080175390000079, -6.973622110999941, 0.0 ], [ 107.080318694000084, -6.973705816999939, 0.0 ], [ 107.080515749000085, -6.973859251999954, 0.0 ], [ 107.08051843800007, -6.973860601999945, 0.0 ], [ 107.080549708000035, -6.973876315999973, 0.0 ], [ 107.080361380000056, -6.974171744999978, 0.0 ], [ 107.080332826000074, -6.974215528999935, 0.0 ], [ 107.080288092000046, -6.97440493199997, 0.0 ], [ 107.080296658000066, -6.974692371999936, 0.0 ], [ 107.080185300000039, -6.974986473999934, 0.0 ], [ 107.080061568000076, -6.97526058699998, 0.0 ], [ 107.080018737000046, -6.975331971999935, 0.0 ], [ 107.079891200000077, -6.975458556999968, 0.0 ], [ 107.079677999000069, -6.975442377999968, 0.0 ], [ 107.079327742000032, -6.975533749999954, 0.0 ], [ 107.079147855000087, -6.975527086999932, 0.0 ], [ 107.078929896000034, -6.975452847999975, 0.0 ], [ 107.078815682000084, -6.975410016999945, 0.0 ], [ 107.078459011000064, -6.975275204999946, 0.0 ], [ 107.078019040000072, -6.975173972999926, 0.0 ], [ 107.077874367000049, -6.975169215999927, 0.0 ], [ 107.077703997000071, -6.975145421999969, 0.0 ], [ 107.077467003000038, -6.975133047999975, 0.0 ], [ 107.077395621000051, -6.975062615999946, 0.0 ], [ 107.077401330000043, -6.974916993999955, 0.0 ], [ 107.077352789000088, -6.974820862999934, 0.0 ], [ 107.077162433000069, -6.974764705999974, 0.0 ], [ 107.077062495000064, -6.97465430099993, 0.0 ], [ 107.076961037000046, -6.974577777999968, 0.0 ], [ 107.076729561000036, -6.974525997999933, 0.0 ], [ 107.076618392000057, -6.974385895999944, 0.0 ], [ 107.07638539800007, -6.973997566999969, 0.0 ], [ 107.075942830000088, -6.973867216999963, 0.0 ], [ 107.075584374000073, -6.973892491999948, 0.0 ], [ 107.075339196000073, -6.974028026999974, 0.0 ], [ 107.075171682000075, -6.974116351999953, 0.0 ], [ 107.075040715000057, -6.974262544999931, 0.0 ], [ 107.074949343000071, -6.974261023999929, 0.0 ], [ 107.074774215000048, -6.974133101999939, 0.0 ], [ 107.07452446700006, -6.974005182999974, 0.0 ], [ 107.074448325000048, -6.974029547999976, 0.0 ], [ 107.07438893300008, -6.974088938999955, 0.0 ], [ 107.07417573500004, -6.97438742099996, 0.0 ], [ 107.074085980000064, -6.974586727999963, 0.0 ], [ 107.073943298000074, -6.97474527199995, 0.0 ], [ 107.07367864400004, -6.974864756999978, 0.0 ], [ 107.07350567800006, -6.974905188999969, 0.0 ], [ 107.073179476000064, -6.974871259999929, 0.0 ], [ 107.073106898000049, -6.975023224999973, 0.0 ], [ 107.073060226000052, -6.975076870999942, 0.0 ], [ 107.07300009000005, -6.975100115999965, 0.0 ], [ 107.072877006000056, -6.97507008499997, 0.0 ], [ 107.072347587000081, -6.974660246999974, 0.0 ], [ 107.072084155000084, -6.974681138999927, 0.0 ], [ 107.071756360000052, -6.974753095999972, 0.0 ], [ 107.071412578000036, -6.974814770999956, 0.0 ], [ 107.071202422000056, -6.974946116999945, 0.0 ], [ 107.071059712000078, -6.974963015999947, 0.0 ], [ 107.070938587000057, -6.975190533999978, 0.0 ], [ 107.07065990500007, -6.975319597999942, 0.0 ], [ 107.070171068000036, -6.97573762199994, 0.0 ], [ 107.070048859000053, -6.976014017999944, 0.0 ], [ 107.070040864000077, -6.976179628999944, 0.0 ], [ 107.069620556000075, -6.976505140999961, 0.0 ], [ 107.069486164000068, -6.976855966999949, 0.0 ], [ 107.069375729000058, -6.976825754999936, 0.0 ], [ 107.068672913000057, -6.976794111999936, 0.0 ], [ 107.068276922000052, -6.977029192999964, 0.0 ], [ 107.067459694000036, -6.977376604999961, 0.0 ], [ 107.067391505000046, -6.977405592999958, 0.0 ], [ 107.06701410800008, -6.977660070999946, 0.0 ], [ 107.066590361000067, -6.978274124999928, 0.0 ], [ 107.06612017100008, -6.978390765999961, 0.0 ], [ 107.065951276000078, -6.979009223999981, 0.0 ], [ 107.06548629200006, -6.97937819699996, 0.0 ], [ 107.065004698000052, -6.979608313999961, 0.0 ], [ 107.064493950000042, -6.980080034999958, 0.0 ], [ 107.064216471000066, -6.980192570999975, 0.0 ], [ 107.06396533700007, -6.980176717999939, 0.0 ], [ 107.062921333000077, -6.979915693999942, 0.0 ], [ 107.062551112000051, -6.980205916999978, 0.0 ], [ 107.062173517000076, -6.980193904999965, 0.0 ], [ 107.061868574000073, -6.98013833899995, 0.0 ], [ 107.061565077000068, -6.980238486999951, 0.0 ], [ 107.061300997000046, -6.980255585999942, 0.0 ], [ 107.061148414000058, -6.980466847999935, 0.0 ], [ 107.061115546000053, -6.980755569999928, 0.0 ], [ 107.061043072000075, -6.980941786999949, 0.0 ], [ 107.060925404000045, -6.981088890999956, 0.0 ], [ 107.060606492000034, -6.981185872999959, 0.0 ], [ 107.059872668000082, -6.981945394999968, 0.0 ], [ 107.059881619000066, -6.982078319999971, 0.0 ], [ 107.06013310600008, -6.982287585999927, 0.0 ], [ 107.060162107000053, -6.982521806999955, 0.0 ], [ 107.060152957000071, -6.982706810999957, 0.0 ], [ 107.060059916000057, -6.983172097999955, 0.0 ], [ 107.060103636000065, -6.983330849999959, 0.0 ], [ 107.060224012000049, -6.983494410999981, 0.0 ], [ 107.059997253000063, -6.984032829999933, 0.0 ], [ 107.059784393000086, -6.984424715999978, 0.0 ], [ 107.059472917000051, -6.984623717999966, 0.0 ], [ 107.059421410000084, -6.98480232199995, 0.0 ], [ 107.059322703000078, -6.98495702699995, 0.0 ], [ 107.058880157000033, -6.985062099999936, 0.0 ], [ 107.058693151000057, -6.985106500999962, 0.0 ], [ 107.054821528000048, -6.986326620999932, 0.0 ], [ 107.054962833000047, -6.988055444999929, 0.0 ], [ 107.053212916000064, -6.989571910999928, 0.0 ], [ 107.050691646000075, -6.990751026999931, 0.0 ], [ 107.048705660000053, -6.991852567999956, 0.0 ], [ 107.048207231000049, -6.992379299999925, 0.0 ], [ 107.047561374000054, -6.992843266999955, 0.0 ], [ 107.043013622000046, -6.996846003999963, 0.0 ], [ 107.042999509000083, -6.996852016999981, 0.0 ], [ 107.042967327000042, -6.996779844999935, 0.0 ], [ 107.042800726000053, -6.996632704999968, 0.0 ], [ 107.042596081000056, -6.996568004999972, 0.0 ], [ 107.042396771000085, -6.996504990999938, 0.0 ], [ 107.042134007000072, -6.996393981999972, 0.0 ], [ 107.042126052000071, -6.996390620999932, 0.0 ], [ 107.041897696000035, -6.996213605999969, 0.0 ], [ 107.041743975000088, -6.996094444999926, 0.0 ], [ 107.041674539000041, -6.996019994999926, 0.0 ], [ 107.041600419000076, -6.995940522999945, 0.0 ], [ 107.041573494000033, -6.995869916999936, 0.0 ], [ 107.041559242000062, -6.99583254199996, 0.0 ], [ 107.041575469000065, -6.995810694999932, 0.0 ], [ 107.041602055000055, -6.995774902999926, 0.0 ], [ 107.041635167000038, -6.995730323999965, 0.0 ], [ 107.041692681000086, -6.995652891999953, 0.0 ], [ 107.041821731000084, -6.995508626999936, 0.0 ], [ 107.041852849000065, -6.99542994899997, 0.0 ], [ 107.041767467000057, -6.995295527999929, 0.0 ], [ 107.041651807000051, -6.995216945999971, 0.0 ], [ 107.041626262000079, -6.99519958999997, 0.0 ], [ 107.041604085000074, -6.995193687999972, 0.0 ], [ 107.041577128000085, -6.995186512999965, 0.0 ], [ 107.041541545000086, -6.995167745999936, 0.0 ], [ 107.041538782000089, -6.99516628899994, 0.0 ], [ 107.041536019000034, -6.995164831999944, 0.0 ], [ 107.041459810000049, -6.995140463999974, 0.0 ], [ 107.04139887000008, -6.995099882999966, 0.0 ], [ 107.041360604000033, -6.995074401999943, 0.0 ], [ 107.041249549000042, -6.995000449999964, 0.0 ], [ 107.041211790000034, -6.994975305999958, 0.0 ], [ 107.041192623000086, -6.99495234799997, 0.0 ], [ 107.041179655000064, -6.99493681499996, 0.0 ], [ 107.041157163000037, -6.994909873999973, 0.0 ], [ 107.041105348000087, -6.994808637999938, 0.0 ], [ 107.041017985000053, -6.994477532999952, 0.0 ], [ 107.041012553000087, -6.994456945999957, 0.0 ], [ 107.041009632000055, -6.994445910999957, 0.0 ], [ 107.04100671100008, -6.994434876999946, 0.0 ], [ 107.040987440000038, -6.994375877999971, 0.0 ], [ 107.040968256000042, -6.994317145999958, 0.0 ], [ 107.040968234000047, -6.994317079999973, 0.0 ], [ 107.040960260000077, -6.994292667999957, 0.0 ], [ 107.040948823000065, -6.994257654999956, 0.0 ], [ 107.040846292000083, -6.993943757999944, 0.0 ], [ 107.040832290000083, -6.993920554999931, 0.0 ], [ 107.040825958000084, -6.993910060999951, 0.0 ], [ 107.04081962500004, -6.993899566999971, 0.0 ], [ 107.040749799000082, -6.993758182999954, 0.0 ], [ 107.040689375000056, -6.993635834999964, 0.0 ], [ 107.040626004000046, -6.99350752099997, 0.0 ], [ 107.040549307000049, -6.993212378999942, 0.0 ], [ 107.040518681000037, -6.993085502999975, 0.0 ], [ 107.040473416000054, -6.993002654999941, 0.0 ], [ 107.040291151000076, -6.992773231999934, 0.0 ], [ 107.040282136000087, -6.992765273999964, 0.0 ], [ 107.040273117000083, -6.992757311999981, 0.0 ], [ 107.040179841000054, -6.992674974999943, 0.0 ], [ 107.040087692000043, -6.992615779999937, 0.0 ], [ 107.039880177000043, -6.992434841999966, 0.0 ], [ 107.039805134000062, -6.992291261999981, 0.0 ], [ 107.039849342000082, -6.99217845499993, 0.0 ], [ 107.039918334000049, -6.991978489999951, 0.0 ], [ 107.039915697000083, -6.991966079999941, 0.0 ], [ 107.03991306000006, -6.99195366999993, 0.0 ], [ 107.039884648000054, -6.991877575999979, 0.0 ], [ 107.03986102600004, -6.991814311999974, 0.0 ], [ 107.039817595000045, -6.991737027999932, 0.0 ], [ 107.039789638000059, -6.991687278999962, 0.0 ], [ 107.03975908700005, -6.991668324999978, 0.0 ], [ 107.039751117000037, -6.991663379999977, 0.0 ], [ 107.039703882000083, -6.991651191999949, 0.0 ], [ 107.039661676000037, -6.991640300999961, 0.0 ], [ 107.039552299000036, -6.991612078999935, 0.0 ], [ 107.039336863000074, -6.991542745999936, 0.0 ], [ 107.039219020000075, -6.991504820999978, 0.0 ], [ 107.039171130000057, -6.991474394999955, 0.0 ], [ 107.038963633000037, -6.991342566999947, 0.0 ], [ 107.038963565000074, -6.991342367999948, 0.0 ], [ 107.038963498000044, -6.991342169999939, 0.0 ], [ 107.03892624000008, -6.99123265299994, 0.0 ], [ 107.038912468000035, -6.991109235999943, 0.0 ], [ 107.038865332000057, -6.990686823999965, 0.0 ], [ 107.038768126000036, -6.990625543999954, 0.0 ], [ 107.038698046000036, -6.990570292999962, 0.0 ], [ 107.038602207000054, -6.990494733999981, 0.0 ], [ 107.03853627400008, -6.990336035999974, 0.0 ], [ 107.038388229000077, -6.989893182999936, 0.0 ], [ 107.038082479000082, -6.989285762999941, 0.0 ], [ 107.037966270000084, -6.989212596999948, 0.0 ], [ 107.037913291000052, -6.989179239999942, 0.0 ], [ 107.037708013000042, -6.989131905999955, 0.0 ], [ 107.037707197000088, -6.989131915999963, 0.0 ], [ 107.037706381000078, -6.98913192599997, 0.0 ], [ 107.037482459000046, -6.989134630999956, 0.0 ], [ 107.037482160000081, -6.989134634999971, 0.0 ], [ 107.03748186100006, -6.989134637999939, 0.0 ], [ 107.037323660000084, -6.989178575999972, 0.0 ], [ 107.037189664000039, -6.989215791999925, 0.0 ], [ 107.037068915000077, -6.989241009999944, 0.0 ], [ 107.037008492000041, -6.989253628999961, 0.0 ], [ 107.036822567000058, -6.989292459999945, 0.0 ], [ 107.036718138000083, -6.989286962999927, 0.0 ], [ 107.036522023000089, -6.989276627999971, 0.0 ], [ 107.035730683000054, -6.989236436999931, 0.0 ], [ 107.035730439000076, -6.989236236999943, 0.0 ], [ 107.035730194000053, -6.989236036999955, 0.0 ], [ 107.035685511000054, -6.989199437999957, 0.0 ], [ 107.035655254000062, -6.989174654999943, 0.0 ], [ 107.035588424000082, -6.989119915999936, 0.0 ], [ 107.035578164000071, -6.989100865999944, 0.0 ], [ 107.035551983000062, -6.989052255999979, 0.0 ], [ 107.035509861000037, -6.988974047999932, 0.0 ], [ 107.035478367000053, -6.988915571999939, 0.0 ], [ 107.035402840000074, -6.988532250999981, 0.0 ], [ 107.035329453000088, -6.988292243999979, 0.0 ], [ 107.03527714900008, -6.988121184999954, 0.0 ], [ 107.035247122000044, -6.988080226999955, 0.0 ], [ 107.035173772000064, -6.987980178999976, 0.0 ], [ 107.035124177000057, -6.987912533999975, 0.0 ], [ 107.034928583000067, -6.987745987999972, 0.0 ], [ 107.034888250000051, -6.987711644999933, 0.0 ], [ 107.034850838000068, -6.987697097999956, 0.0 ], [ 107.034650069000065, -6.98761903299993, 0.0 ], [ 107.034576543000071, -6.987610228999927, 0.0 ], [ 107.034319276000076, -6.987579426999957, 0.0 ], [ 107.034071689000086, -6.987568560999932, 0.0 ], [ 107.033396940000046, -6.987538947999951, 0.0 ], [ 107.033396632000063, -6.987538721999954, 0.0 ], [ 107.03339632400008, -6.987538495999956, 0.0 ], [ 107.033175576000076, -6.987376641999958, 0.0 ], [ 107.033037266000065, -6.987179072999936, 0.0 ], [ 107.033042985000066, -6.987139253999942, 0.0 ], [ 107.033053670000072, -6.987064869999926, 0.0 ], [ 107.03305447300005, -6.987059276999958, 0.0 ], [ 107.033129029000065, -6.986974421999946, 0.0 ], [ 107.033158501000059, -6.986940877999928, 0.0 ], [ 107.033247218000042, -6.98689957299996, 0.0 ], [ 107.033338086000072, -6.986857265999959, 0.0 ], [ 107.033404734000044, -6.986831452999979, 0.0 ], [ 107.03378692800004, -6.986683425999956, 0.0 ], [ 107.033941871000081, -6.986511033999932, 0.0 ], [ 107.034026144000052, -6.986338162999971, 0.0 ], [ 107.034035428000038, -6.986319118999972, 0.0 ], [ 107.034042424000063, -6.986304767999968, 0.0 ], [ 107.034042484000054, -6.98630443199994, 0.0 ], [ 107.03404413800007, -6.986295089999942, 0.0 ], [ 107.034087045000035, -6.986052809999933, 0.0 ], [ 107.03408625700007, -6.98579891199995, 0.0 ], [ 107.034085921000042, -6.98569050499998, 0.0 ], [ 107.034084096000072, -6.98510263999998, 0.0 ], [ 107.03399806200008, -6.985030009999946, 0.0 ], [ 107.033991345000061, -6.985028229999955, 0.0 ], [ 107.033984626000063, -6.985026448999974, 0.0 ], [ 107.033964469000068, -6.985021105999976, 0.0 ], [ 107.033817611000075, -6.984982178999928, 0.0 ], [ 107.033531174000075, -6.98488630199995, 0.0 ], [ 107.033512269000084, -6.984872215999928, 0.0 ], [ 107.033330388000081, -6.984736697999949, 0.0 ], [ 107.033302947000038, -6.984716251999942, 0.0 ], [ 107.033295084000088, -6.984709815999963, 0.0 ], [ 107.03328722200007, -6.984703379999928, 0.0 ], [ 107.032999060000066, -6.984467504999941, 0.0 ], [ 107.032840810000039, -6.984337968999967, 0.0 ], [ 107.032793426000069, -6.98429361999996, 0.0 ], [ 107.032641327000078, -6.984151263999934, 0.0 ], [ 107.032543931000077, -6.983733043999962, 0.0 ], [ 107.032568996000066, -6.983611076999978, 0.0 ], [ 107.032585114000085, -6.983532642999933, 0.0 ], [ 107.032586184000081, -6.983527435999974, 0.0 ], [ 107.032587254000077, -6.983522229999949, 0.0 ], [ 107.032615957000075, -6.983382559999939, 0.0 ], [ 107.032700122000051, -6.982973001999937, 0.0 ], [ 107.032693392000056, -6.982803814999954, 0.0 ], [ 107.032690163000041, -6.982722631999934, 0.0 ], [ 107.032669891000069, -6.982213014999957, 0.0 ], [ 107.032579989000055, -6.98185196999998, 0.0 ], [ 107.032525015000033, -6.981694323999932, 0.0 ], [ 107.032484477000082, -6.981578074999959, 0.0 ], [ 107.032472947000088, -6.98154501099998, 0.0 ], [ 107.032399156000054, -6.981367047999981, 0.0 ], [ 107.032351958000049, -6.981253220999974, 0.0 ], [ 107.032312070000046, -6.981157021999934, 0.0 ], [ 107.032477014000051, -6.980550984999979, 0.0 ], [ 107.032617020000089, -6.980270016999953, 0.0 ], [ 107.032686180000042, -6.979681941999957, 0.0 ], [ 107.032789319000074, -6.979474180999944, 0.0 ], [ 107.032822002000046, -6.979408344999968, 0.0 ], [ 107.032965148000073, -6.979119994999962, 0.0 ], [ 107.032980181000084, -6.979089859999931, 0.0 ], [ 107.033141211000043, -6.978767055999981, 0.0 ], [ 107.033162459000039, -6.978232447999972, 0.0 ], [ 107.033164940000063, -6.97817002499994, 0.0 ], [ 107.033198021000032, -6.977717981999945, 0.0 ], [ 107.033302068000069, -6.977337998999928, 0.0 ], [ 107.033388836000086, -6.976949117999936, 0.0 ], [ 107.033316822000074, -6.976541936999979, 0.0 ], [ 107.033356894000065, -6.97642751099994, 0.0 ], [ 107.033360970000047, -6.976415872999951, 0.0 ], [ 107.033406643000035, -6.976285453999935, 0.0 ], [ 107.033456172000058, -6.976144022999961, 0.0 ], [ 107.033547342000077, -6.976090460999956, 0.0 ], [ 107.033862950000071, -6.975905042999955, 0.0 ], [ 107.033888596000054, -6.975889975999962, 0.0 ], [ 107.033983853000052, -6.97583401299994, 0.0 ], [ 107.034389942000075, -6.97569703299996, 0.0 ], [ 107.034734211000057, -6.975586960999976, 0.0 ], [ 107.035235972000066, -6.975277, 0.0 ], [ 107.035343950000083, -6.975237250999953, 0.0 ], [ 107.03541993400006, -6.975209278999955, 0.0 ], [ 107.035573519000081, -6.975152740999931, 0.0 ], [ 107.035763435000035, -6.975082828999973, 0.0 ], [ 107.035782096000048, -6.97507595999997, 0.0 ], [ 107.035879133000037, -6.975065592999954, 0.0 ], [ 107.036399848000087, -6.975009962999934, 0.0 ], [ 107.036400663000052, -6.97500946699995, 0.0 ], [ 107.036401477000084, -6.975008970999966, 0.0 ], [ 107.036743014000081, -6.97480098799997, 0.0 ], [ 107.036916126000051, -6.973877945999959, 0.0 ], [ 107.036927954000078, -6.973816738999972, 0.0 ], [ 107.037047829000073, -6.973196439999981, 0.0 ], [ 107.037062988000059, -6.973118, 0.0 ], [ 107.037174953000033, -6.972584056999949, 0.0 ], [ 107.037218218000078, -6.97222196499996, 0.0 ], [ 107.037209233000056, -6.97184615499998, 0.0 ], [ 107.037206981000054, -6.971751952999966, 0.0 ], [ 107.037207533000071, -6.971750876999977, 0.0 ], [ 107.037277987000039, -6.971613606999938, 0.0 ], [ 107.03733290200006, -6.971506610999938, 0.0 ], [ 107.03734916600007, -6.97147492299996, 0.0 ], [ 107.037434818000065, -6.97130803999994, 0.0 ], [ 107.03762785300006, -6.970963990999962, 0.0 ], [ 107.037529349000067, -6.970547559999943, 0.0 ], [ 107.037456830000053, -6.97024098299994, 0.0 ], [ 107.037343277000048, -6.969951633999926, 0.0 ], [ 107.037237895000032, -6.969683105999934, 0.0 ], [ 107.037233932000049, -6.969673007999972, 0.0 ], [ 107.037275754000063, -6.969512782999971, 0.0 ], [ 107.037327644000072, -6.969313987999953, 0.0 ], [ 107.037335804000065, -6.969282727999939, 0.0 ], [ 107.037363913000036, -6.969175036999957, 0.0 ], [ 107.037405187000047, -6.969134080999936, 0.0 ], [ 107.037785170000063, -6.968757018999952, 0.0 ], [ 107.037959586000056, -6.968580292999945, 0.0 ], [ 107.038234374000069, -6.968301863999955, 0.0 ], [ 107.038716844000078, -6.967813002999947, 0.0 ], [ 107.039359129000047, -6.967069031999927, 0.0 ], [ 107.040088049000076, -6.966224996999927, 0.0 ], [ 107.040201669000055, -6.966129574999968, 0.0 ], [ 107.040791829000057, -6.96563393699995, 0.0 ], [ 107.041020840000044, -6.965348211999981, 0.0 ], [ 107.041089955000075, -6.96526197999998, 0.0 ], [ 107.041193990000068, -6.964864032999969, 0.0 ], [ 107.041173899000057, -6.964258959999938, 0.0 ], [ 107.041154042000073, -6.963616983999941, 0.0 ], [ 107.041302448000067, -6.963357402999975, 0.0 ], [ 107.041308321000088, -6.963347129999931, 0.0 ], [ 107.041314194000051, -6.963336857999934, 0.0 ], [ 107.041547922000063, -6.962928036999926, 0.0 ], [ 107.041699146000042, -6.962791057999937, 0.0 ], [ 107.041881723000074, -6.962682751999978, 0.0 ], [ 107.041885686000057, -6.962680400999943, 0.0 ], [ 107.042217831000073, -6.962627047999945, 0.0 ], [ 107.042218044000037, -6.962627249999969, 0.0 ], [ 107.042218257000059, -6.962627451999936, 0.0 ], [ 107.04235396100006, -6.962755982999965, 0.0 ], [ 107.042413213000088, -6.962812102999976, 0.0 ], [ 107.042430345000071, -6.962828328999933, 0.0 ], [ 107.042437612000072, -6.962830302999976, 0.0 ], [ 107.042444879000072, -6.962832276999961, 0.0 ], [ 107.042501560000062, -6.962847674999978, 0.0 ], [ 107.042597468000054, -6.962848906999966, 0.0 ], [ 107.042632010000034, -6.962849350999932, 0.0 ], [ 107.042637098000057, -6.962849415999926, 0.0 ], [ 107.042637159000037, -6.962849416999973, 0.0 ], [ 107.04265457200006, -6.962849640999934, 0.0 ], [ 107.042799047000074, -6.962851497999964, 0.0 ], [ 107.043013150000036, -6.962854248999975, 0.0 ], [ 107.043551412000056, -6.962861165999925, 0.0 ], [ 107.043553004000046, -6.962861185999941, 0.0 ], [ 107.043755141000076, -6.962876788999949, 0.0 ], [ 107.043755605000058, -6.962876824999967, 0.0 ], [ 107.043756070000086, -6.962876860999927, 0.0 ], [ 107.043781462000084, -6.962901141999964, 0.0 ], [ 107.044038443000034, -6.963146883999968, 0.0 ], [ 107.044038915000044, -6.963147334999974, 0.0 ], [ 107.044039387000055, -6.963147786999969, 0.0 ], [ 107.044189176000089, -6.963110770999947, 0.0 ], [ 107.044448329000033, -6.963046728999927, 0.0 ], [ 107.044503456000086, -6.963021866999952, 0.0 ], [ 107.04471912300005, -6.962924600999941, 0.0 ], [ 107.044767622000052, -6.96290272799996, 0.0 ], [ 107.044786743000088, -6.962894103999929, 0.0 ], [ 107.044788490000087, -6.962893315999963, 0.0 ], [ 107.045129273000043, -6.962533974999928, 0.0 ], [ 107.045190706000085, -6.962469196999962, 0.0 ], [ 107.045235509000065, -6.962421953999979, 0.0 ], [ 107.045268481000051, -6.962394136999933, 0.0 ], [ 107.045309301000088, -6.962359698999933, 0.0 ], [ 107.045309907000046, -6.96235984499998, 0.0 ], [ 107.045310512000071, -6.962359989999925, 0.0 ], [ 107.045349637000072, -6.962369396999975, 0.0 ], [ 107.045383214000083, -6.962377468999932, 0.0 ], [ 107.045430747000069, -6.962462065999944, 0.0 ], [ 107.045469012000069, -6.962530168999933, 0.0 ], [ 107.045481203000065, -6.962565179999956, 0.0 ], [ 107.045530183000039, -6.962705847999928, 0.0 ], [ 107.045559607000087, -6.962731299999973, 0.0 ], [ 107.045579045000068, -6.962748114999954, 0.0 ], [ 107.045579811000039, -6.962748776999945, 0.0 ], [ 107.045580576000077, -6.962749438999936, 0.0 ], [ 107.045741602000078, -6.962569842999926, 0.0 ], [ 107.045789676000084, -6.962241989999939, 0.0 ], [ 107.045818607000058, -6.962044693999928, 0.0 ], [ 107.045827265000071, -6.961985646999949, 0.0 ], [ 107.045902334000061, -6.96165973199993, 0.0 ], [ 107.045929993000072, -6.961539648999974, 0.0 ], [ 107.046001235000062, -6.961367049999978, 0.0 ], [ 107.046048924000047, -6.961317248999933, 0.0 ], [ 107.046104577000051, -6.961259130999963, 0.0 ], [ 107.046183861000088, -6.961307013999942, 0.0 ], [ 107.046494133000067, -6.961494400999925, 0.0 ], [ 107.04650797100004, -6.961502758999927, 0.0 ], [ 107.046666276000053, -6.96159098499993, 0.0 ], [ 107.046742127000073, -6.96159244699993, 0.0 ], [ 107.04674213800007, -6.961592325999959, 0.0 ], [ 107.046742148000078, -6.961592204999931, 0.0 ], [ 107.046759098000052, -6.961394353999935, 0.0 ], [ 107.046760076000055, -6.961382931999935, 0.0 ], [ 107.046761055000047, -6.961371509999935, 0.0 ], [ 107.046755609000058, -6.961294991999978, 0.0 ], [ 107.046740669000087, -6.961085072999936, 0.0 ], [ 107.046768831000065, -6.960915290999935, 0.0 ], [ 107.046839290000037, -6.960837682999966, 0.0 ], [ 107.046901751000064, -6.960834551999938, 0.0 ], [ 107.047060161000047, -6.96082660999997, 0.0 ], [ 107.047313689000077, -6.960814438999932, 0.0 ], [ 107.04759182500004, -6.960714658999962, 0.0 ], [ 107.047592015000077, -6.960714558999939, 0.0 ], [ 107.047592203000079, -6.960714460999952, 0.0 ], [ 107.047593119000055, -6.960713981999959, 0.0 ], [ 107.047835453000062, -6.960587282999938, 0.0 ], [ 107.047835833000079, -6.960587250999936, 0.0 ], [ 107.047836214000085, -6.960587217999944, 0.0 ], [ 107.047996789000081, -6.960573575999945, 0.0 ], [ 107.048197719000086, -6.960674096999981, 0.0 ], [ 107.048254412000063, -6.960702459999936, 0.0 ], [ 107.04839116800008, -6.960768497999936, 0.0 ], [ 107.048503320000066, -6.960822654999959, 0.0 ], [ 107.048503401000062, -6.960822693999944, 0.0 ], [ 107.048514699000066, -6.960824465999963, 0.0 ], [ 107.04852604000007, -6.960826244999964, 0.0 ], [ 107.04864537800006, -6.960844959999974, 0.0 ], [ 107.048646388000066, -6.960845117999952, 0.0 ], [ 107.048647398000071, -6.960845276999976, 0.0 ], [ 107.04886072100004, -6.960748126999931, 0.0 ], [ 107.048930311000049, -6.960714258999928, 0.0 ], [ 107.048978441000088, -6.96069083499998, 0.0 ], [ 107.048979003000056, -6.960690998999951, 0.0 ], [ 107.048979566000071, -6.960691163999968, 0.0 ], [ 107.049014349000061, -6.960701323999956, 0.0 ], [ 107.04906668700005, -6.960716610999953, 0.0 ], [ 107.049078712000039, -6.96072012299993, 0.0 ], [ 107.04909073400006, -6.960723634999965, 0.0 ], [ 107.049266415000034, -6.960998467999957, 0.0 ], [ 107.049315356000079, -6.961072268999942, 0.0 ], [ 107.049345645000074, -6.961117944999955, 0.0 ], [ 107.049349116000087, -6.961123182999927, 0.0 ], [ 107.049352585000065, -6.961128419999966, 0.0 ], [ 107.04938357900005, -6.961148842999933, 0.0 ], [ 107.049384868000061, -6.961149691999935, 0.0 ], [ 107.049386156000082, -6.961150540999938, 0.0 ], [ 107.049407831000053, -6.961161331999961, 0.0 ], [ 107.049431682000034, -6.961173205999955, 0.0 ], [ 107.049476793000053, -6.961181727999929, 0.0 ], [ 107.049477780000075, -6.961181916999976, 0.0 ], [ 107.049478767000039, -6.961182105999967, 0.0 ], [ 107.049519598000074, -6.961302451999927, 0.0 ], [ 107.049544486000059, -6.961375807999957, 0.0 ], [ 107.049686130000055, -6.961691472999973, 0.0 ], [ 107.049706052000033, -6.961735870999973, 0.0 ], [ 107.049706355000069, -6.961736784999971, 0.0 ], [ 107.049708063000082, -6.961741934999964, 0.0 ], [ 107.049711782000088, -6.961753149999936, 0.0 ], [ 107.049760642000081, -6.961848357999941, 0.0 ], [ 107.04976163300006, -6.961850289999973, 0.0 ], [ 107.049771086000078, -6.961868709999976, 0.0 ], [ 107.049775353000086, -6.961877024999978, 0.0 ], [ 107.049917372000039, -6.962000841999952, 0.0 ], [ 107.050026524000089, -6.962096004999978, 0.0 ], [ 107.050026653000089, -6.96209611699993, 0.0 ], [ 107.050026782000089, -6.962096229999929, 0.0 ], [ 107.050118569000063, -6.96213393599993, 0.0 ], [ 107.050723462000065, -6.962382425999976, 0.0 ], [ 107.050958068000057, -6.96249236999995, 0.0 ], [ 107.050959533000082, -6.962493740999946, 0.0 ], [ 107.051171550000049, -6.962692129999937, 0.0 ], [ 107.051372971000035, -6.963096807999932, 0.0 ], [ 107.051475519000064, -6.963302839999926, 0.0 ], [ 107.051492046000078, -6.963331874999938, 0.0 ], [ 107.051593593000064, -6.96351027299994, 0.0 ], [ 107.05187165600006, -6.963925264999943, 0.0 ], [ 107.051888990000066, -6.963951133999956, 0.0 ], [ 107.051922285000046, -6.963993707999975, 0.0 ], [ 107.052059377000035, -6.964169007999942, 0.0 ], [ 107.052489401000059, -6.964262596999959, 0.0 ], [ 107.052543176000086, -6.964274296999974, 0.0 ], [ 107.052919461000045, -6.964299056999948, 0.0 ], [ 107.053083098000059, -6.96430982499993, 0.0 ], [ 107.053085841000041, -6.964310004999959, 0.0 ], [ 107.053086706000045, -6.964310061999981, 0.0 ], [ 107.053087491000042, -6.964310113999943, 0.0 ], [ 107.053087533000053, -6.964310116999968, 0.0 ], [ 107.053087570000059, -6.964310118999947, 0.0 ], [ 107.053169232000073, -6.964228189999972, 0.0 ], [ 107.053187065000088, -6.964210297999955, 0.0 ], [ 107.053211240000053, -6.964160914999979, 0.0 ], [ 107.053220640000063, -6.964141712999947, 0.0 ], [ 107.053312146000053, -6.963954790999935, 0.0 ], [ 107.053433221000034, -6.963720382999952, 0.0 ], [ 107.053481957000088, -6.963671836999936, 0.0 ], [ 107.053783286000055, -6.963371678999977, 0.0 ], [ 107.054021194000086, -6.963210902999947, 0.0 ], [ 107.054114879000053, -6.963171333999981, 0.0 ], [ 107.055543988000068, -6.962990870999931, 0.0 ], [ 107.056366967000088, -6.962675222999962, 0.0 ], [ 107.056405831000063, -6.962660316999973, 0.0 ], [ 107.056719514000065, -6.96255046899995, 0.0 ], [ 107.056986781000035, -6.962524825999935, 0.0 ], [ 107.057275576000052, -6.962497116999941, 0.0 ], [ 107.057552073000068, -6.96252407399993, 0.0 ], [ 107.058078307000073, -6.962510311999949, 0.0 ], [ 107.058087651000051, -6.962510324999926, 0.0 ], [ 107.058097026000041, -6.962510338999948, 0.0 ], [ 107.058460008000054, -6.962500486999943, 0.0 ], [ 107.058522441000036, -6.962491517999979, 0.0 ], [ 107.058874428000081, -6.962451907999935, 0.0 ], [ 107.059233058000075, -6.962460814999929, 0.0 ], [ 107.059588131000055, -6.962462030999973, 0.0 ], [ 107.059689640000045, -6.96246237899993, 0.0 ], [ 107.059753019000084, -6.962460845999942, 0.0 ], [ 107.059786713000051, -6.962457891999975, 0.0 ], [ 107.062222725000083, -6.96224433499998, 0.0 ], [ 107.06287909200006, -6.962132647999965, 0.0 ], [ 107.062967560000061, -6.96210173999998, 0.0 ], [ 107.063447068000073, -6.96193421299995, 0.0 ], [ 107.063558820000083, -6.961895169999934, 0.0 ], [ 107.063571535000051, -6.961884806999933, 0.0 ], [ 107.063638637000054, -6.961830119999945, 0.0 ], [ 107.063822231000074, -6.961680491999971, 0.0 ], [ 107.063976755000056, -6.961539279999954, 0.0 ], [ 107.06397725000005, -6.961534404999952, 0.0 ], [ 107.063984687000072, -6.961461202999942, 0.0 ], [ 107.063935382000068, -6.961270508999974, 0.0 ], [ 107.063862325000059, -6.961148032999972, 0.0 ], [ 107.063734895000039, -6.960934401999964, 0.0 ], [ 107.063599788000033, -6.960721413999977, 0.0 ], [ 107.063561984000046, -6.960621105999962, 0.0 ], [ 107.063544639000042, -6.960575082999981, 0.0 ], [ 107.063532183000063, -6.960343179999938, 0.0 ], [ 107.063497040000073, -6.960105828999929, 0.0 ], [ 107.063447921000034, -6.959774090999929, 0.0 ], [ 107.063441347000037, -6.95972969099995, 0.0 ], [ 107.063392650000083, -6.959348058999979, 0.0 ], [ 107.063316067000073, -6.95888873399997, 0.0 ], [ 107.063282710000067, -6.958688672999926, 0.0 ], [ 107.063253797000073, -6.958515261999935, 0.0 ], [ 107.063176771000087, -6.958310524999945, 0.0 ], [ 107.063141553000037, -6.958216916999959, 0.0 ], [ 107.063096202000054, -6.958096373999979, 0.0 ], [ 107.063074836000055, -6.958039584999938, 0.0 ], [ 107.062894419000088, -6.957713255999977, 0.0 ], [ 107.062847198000043, -6.95762784599998, 0.0 ], [ 107.06282090600007, -6.957580289999953, 0.0 ], [ 107.06243827600008, -6.956975971999952, 0.0 ], [ 107.06243783900004, -6.956975280999927, 0.0 ], [ 107.062437401000068, -6.956974589999959, 0.0 ], [ 107.062394422000068, -6.956898302999946, 0.0 ], [ 107.06230729300006, -6.956743649999964, 0.0 ], [ 107.062250214000073, -6.956642335999959, 0.0 ], [ 107.062217536000048, -6.956587338999952, 0.0 ], [ 107.062117916000034, -6.956419682999979, 0.0 ], [ 107.062005575000057, -6.956338613999947, 0.0 ], [ 107.061957047000078, -6.956310099999939, 0.0 ], [ 107.061844181000083, -6.956243782999934, 0.0 ], [ 107.061842152000054, -6.956242029999942, 0.0 ], [ 107.061839897000084, -6.956240081999965, 0.0 ], [ 107.061833359000047, -6.956234433999953, 0.0 ], [ 107.061730227000055, -6.956145338999931, 0.0 ], [ 107.061708411000041, -6.956126492999942, 0.0 ], [ 107.061429603000079, -6.955885631999934, 0.0 ], [ 107.061372102000064, -6.955823262999957, 0.0 ], [ 107.061352052000075, -6.955801515999951, 0.0 ], [ 107.061301146000062, -6.955746300999976, 0.0 ], [ 107.06114681400004, -6.955578903999935, 0.0 ], [ 107.061043039000083, -6.955466343999944, 0.0 ], [ 107.061038228000086, -6.955461125999932, 0.0 ], [ 107.061022288000061, -6.955443836999962, 0.0 ], [ 107.061010402000079, -6.955430944999932, 0.0 ], [ 107.061003428000049, -6.955423379999957, 0.0 ], [ 107.060840238000083, -6.955331806999936, 0.0 ], [ 107.060816045000081, -6.955318230999978, 0.0 ], [ 107.060569262000058, -6.955179749999957, 0.0 ], [ 107.060341257000061, -6.955086034999965, 0.0 ], [ 107.06029364300008, -6.955066464999959, 0.0 ], [ 107.060286565000069, -6.95506321199997, 0.0 ], [ 107.060262354000088, -6.955052083999931, 0.0 ], [ 107.060025421000034, -6.954943184999934, 0.0 ], [ 107.059877262000043, -6.954875088999927, 0.0 ], [ 107.059775819000038, -6.954828463999945, 0.0 ], [ 107.059764602000087, -6.954823307999959, 0.0 ], [ 107.059753384000032, -6.954818151999973, 0.0 ], [ 107.059534194000037, -6.954715725999961, 0.0 ], [ 107.059459605000086, -6.954694877999941, 0.0 ], [ 107.059384649000037, -6.954673927999977, 0.0 ], [ 107.059309811000048, -6.954653009999959, 0.0 ], [ 107.059138749000056, -6.954586075999941, 0.0 ], [ 107.059073975000047, -6.954560730999958, 0.0 ], [ 107.059042163000072, -6.95452580999995, 0.0 ], [ 107.059017801000039, -6.954499066999972, 0.0 ], [ 107.058979474000068, -6.95445699499993, 0.0 ], [ 107.058955898000079, -6.954425578999974, 0.0 ], [ 107.058820129000082, -6.954244658999926, 0.0 ], [ 107.058799468000075, -6.954217126999936, 0.0 ], [ 107.058782563000079, -6.954194598999948, 0.0 ], [ 107.058782320000034, -6.954194275999953, 0.0 ], [ 107.058638631000065, -6.953982992999954, 0.0 ], [ 107.058623482000087, -6.953958731999933, 0.0 ], [ 107.058579792000046, -6.953888762999952, 0.0 ], [ 107.058561748000045, -6.95385986499997, 0.0 ], [ 107.058520495000039, -6.953793799999971, 0.0 ], [ 107.058500450000054, -6.953761697999937, 0.0 ], [ 107.058494321000069, -6.953751881999949, 0.0 ], [ 107.058488192000084, -6.953742066999951, 0.0 ], [ 107.058483589000048, -6.95373469599997, 0.0 ], [ 107.05854372400006, -6.953639960999965, 0.0 ], [ 107.058998994000035, -6.952922763999936, 0.0 ], [ 107.05909570700004, -6.952770409999971, 0.0 ], [ 107.059323591000066, -6.952387189999968, 0.0 ], [ 107.05998052700005, -6.951398987999937, 0.0 ], [ 107.060018792000051, -6.951366657999927, 0.0 ], [ 107.06005411700005, -6.951325508999957, 0.0 ], [ 107.060192789000041, -6.951033213999949, 0.0 ], [ 107.060233999000047, -6.95093916299993, 0.0 ], [ 107.060295813000039, -6.950836297999956, 0.0 ], [ 107.060393149000049, -6.95076824399996, 0.0 ], [ 107.060493230000077, -6.950715342999956, 0.0 ], [ 107.060499581000045, -6.950711038999941, 0.0 ], [ 107.060575648000054, -6.950659498999926, 0.0 ], [ 107.060613913000054, -6.950591901999928, 0.0 ], [ 107.060646293000048, -6.950556633999952, 0.0 ], [ 107.06080335300004, -6.950290578999955, 0.0 ], [ 107.061019874000067, -6.950125708999963, 0.0 ], [ 107.061134806000041, -6.950059076999935, 0.0 ], [ 107.06127983600004, -6.949974994999934, 0.0 ], [ 107.061393367000051, -6.949933862999956, 0.0 ], [ 107.061501632000045, -6.949901614999931, 0.0 ], [ 107.061626017000037, -6.94987791899996, 0.0 ], [ 107.061773111000036, -6.949870351999948, 0.0 ], [ 107.061858009000048, -6.949870681999926, 0.0 ], [ 107.062052489000052, -6.949881541999957, 0.0 ], [ 107.062299620000033, -6.949908195999967, 0.0 ], [ 107.062312501000065, -6.94990972599993, 0.0 ], [ 107.062496071000055, -6.949931558999936, 0.0 ], [ 107.062627038000073, -6.949940114999947, 0.0 ], [ 107.062787951000075, -6.94995722699997, 0.0 ], [ 107.062940309000055, -6.949976310999944, 0.0 ], [ 107.063111424000056, -6.94999145099996, 0.0 ], [ 107.06324642900006, -6.950005689999955, 0.0 ], [ 107.063357899000039, -6.950017449999962, 0.0 ], [ 107.063499066000077, -6.95003455799997, 0.0 ], [ 107.063639905000059, -6.95004870899993, 0.0 ], [ 107.063766691000069, -6.950059076999935, 0.0 ], [ 107.063796871000079, -6.950061544999926, 0.0 ], [ 107.063945280000041, -6.950079971999969, 0.0 ], [ 107.064091718000043, -6.95009938499993, 0.0 ], [ 107.064167729000076, -6.950108602999933, 0.0 ], [ 107.064323379000086, -6.950140849999968, 0.0 ], [ 107.064500090000081, -6.950165530999925, 0.0 ], [ 107.064637308000044, -6.950186920999954, 0.0 ], [ 107.064852191000057, -6.950222788999952, 0.0 ], [ 107.065546218000065, -6.950308040999971, 0.0 ], [ 107.065547786000081, -6.950308230999951, 0.0 ], [ 107.066016499000057, -6.950365807999958, 0.0 ], [ 107.066440908000061, -6.950427328999979, 0.0 ], [ 107.066682925000066, -6.950478628999974, 0.0 ], [ 107.066799202000084, -6.950519127999939, 0.0 ], [ 107.066974047000087, -6.950592538999956, 0.0 ], [ 107.067087619000063, -6.950654638999936, 0.0 ], [ 107.06711553100007, -6.950676183999974, 0.0 ], [ 107.067248515000074, -6.950778837999962, 0.0 ], [ 107.067421851000063, -6.950919839999926, 0.0 ], [ 107.067767726000056, -6.951212755999961, 0.0 ], [ 107.068123125000056, -6.951534048999974, 0.0 ], [ 107.068558426000038, -6.951918312999965, 0.0 ], [ 107.068694342000072, -6.952030268999977, 0.0 ], [ 107.068944569000053, -6.952249990999974, 0.0 ], [ 107.069406319000052, -6.952648245999967, 0.0 ], [ 107.069415476000074, -6.952656143999945, 0.0 ], [ 107.069920386000035, -6.953091420999954, 0.0 ], [ 107.070299912000053, -6.953418985999974, 0.0 ], [ 107.070430526000052, -6.953531720999933, 0.0 ], [ 107.070977005000088, -6.954009852999945, 0.0 ], [ 107.071535992000065, -6.95449924299993, 0.0 ], [ 107.07187977600006, -6.95479071799997, 0.0 ], [ 107.07218234000004, -6.95505450099995, 0.0 ], [ 107.072584354000071, -6.955393111999967, 0.0 ], [ 107.072953693000045, -6.955715151999925, 0.0 ], [ 107.073349532000066, -6.956065656999954, 0.0 ], [ 107.073730578000038, -6.956436950999944, 0.0 ], [ 107.073834808000072, -6.95655919099994, 0.0 ], [ 107.074075082000036, -6.956882309999969, 0.0 ], [ 107.07448062800006, -6.957395175999977, 0.0 ], [ 107.074729059000049, -6.957711436999944, 0.0 ], [ 107.075003637000066, -6.958076016999939, 0.0 ], [ 107.075188315000048, -6.958277728999974, 0.0 ], [ 107.075240286000053, -6.958328325999958, 0.0 ], [ 107.075345852000055, -6.958423462999974, 0.0 ], [ 107.075419912000086, -6.958480544999929, 0.0 ], [ 107.075537175000079, -6.958548704999941, 0.0 ], [ 107.075641120000057, -6.958599299999946, 0.0 ], [ 107.075781443000039, -6.958657677999952, 0.0 ], [ 107.075941257000068, -6.958703083999978, 0.0 ], [ 107.076197690000072, -6.958760511999969, 0.0 ], [ 107.076519912000037, -6.958817594999971, 0.0 ], [ 107.076819099000033, -6.958869784999933, 0.0 ], [ 107.077310233000048, -6.958941137999943, 0.0 ], [ 107.077733256000045, -6.959001218999958, 0.0 ], [ 107.078103553000062, -6.959064788999967, 0.0 ], [ 107.078349533000051, -6.959144132999938, 0.0 ], [ 107.078582109000081, -6.959253109999963, 0.0 ], [ 107.078794172000073, -6.959396228999935, 0.0 ], [ 107.078920403000041, -6.959509577999938, 0.0 ], [ 107.079013952000082, -6.959613364999939, 0.0 ], [ 107.079106352000053, -6.959738338999955, 0.0 ], [ 107.079214195000077, -6.959906989999979, 0.0 ], [ 107.079318245000081, -6.960087854999927, 0.0 ], [ 107.079452271000036, -6.960338759999956, 0.0 ], [ 107.079567972000063, -6.960552106999955, 0.0 ], [ 107.079700622000075, -6.960801961999948, 0.0 ], [ 107.079890406000061, -6.96116053399993, 0.0 ], [ 107.080047790000037, -6.961463434999928, 0.0 ], [ 107.080245542000057, -6.961820345999968, 0.0 ], [ 107.080410291000078, -6.962112113999979, 0.0 ] ] ] ] } }
]
}
