<?xml version="1.0" encoding="utf-8" ?>
<kml xmlns="http://www.opengis.net/kml/2.2">
<Document id="root_doc">
<Schema name="Desa_Cimenteng" id="Desa_Cimenteng">
	<SimpleField name="NAMOBJ" type="string"></SimpleField>
	<SimpleField name="FCODE" type="string"></SimpleField>
	<SimpleField name="REMARK" type="string"></SimpleField>
	<SimpleField name="METADATA" type="string"></SimpleField>
	<SimpleField name="SRS_ID" type="string"></SimpleField>
	<SimpleField name="KDBBPS" type="string"></SimpleField>
	<SimpleField name="KDCBPS" type="string"></SimpleField>
	<SimpleField name="KDCPUM" type="string"></SimpleField>
	<SimpleField name="KDEBPS" type="string"></SimpleField>
	<SimpleField name="KDEPUM" type="string"></SimpleField>
	<SimpleField name="KDPBPS" type="string"></SimpleField>
	<SimpleField name="KDPKAB" type="string"></SimpleField>
	<SimpleField name="KDPPUM" type="string"></SimpleField>
	<SimpleField name="LUASWH" type="float"></SimpleField>
	<SimpleField name="TIPADM" type="float"></SimpleField>
	<SimpleField name="WADMKC" type="string"></SimpleField>
	<SimpleField name="WADMKD" type="string"></SimpleField>
	<SimpleField name="WADMKK" type="string"></SimpleField>
	<SimpleField name="WADMPR" type="string"></SimpleField>
	<SimpleField name="WIADKC" type="string"></SimpleField>
	<SimpleField name="WIADKK" type="string"></SimpleField>
	<SimpleField name="WIADPR" type="string"></SimpleField>
	<SimpleField name="WIADKD" type="string"></SimpleField>
	<SimpleField name="UUPP" type="string"></SimpleField>
	<SimpleField name="Shape_Length" type="float"></SimpleField>
	<SimpleField name="Shape_Area" type="float"></SimpleField>
</Schema>
<Folder><name>Desa_Cimenteng</name>
  <Placemark id="Desa_Cimenteng.1">
	<name>Cimenteng</name>
	<description>BA03070040</description>
	<Style><LineStyle><color>ff0000ff</color></LineStyle><PolyStyle><fill>0</fill></PolyStyle></Style>
	<ExtendedData><SchemaData schemaUrl="#Desa_Cimenteng">
		<SimpleData name="NAMOBJ"></SimpleData>
		<SimpleData name="FCODE">TASWIL1000020230928_DATA_BATAS_DESAKELURAHAN</SimpleData>
		<SimpleData name="REMARK">SRGI 2013</SimpleData>
		<SimpleData name="KDBBPS">32.02.42</SimpleData>
		<SimpleData name="KDCPUM">32.02.42.2002</SimpleData>
		<SimpleData name="KDEPUM">32.02</SimpleData>
		<SimpleData name="KDPBPS">32</SimpleData>
		<SimpleData name="KDPKAB">408.3739687254939</SimpleData>
		<SimpleData name="KDPPUM">1</SimpleData>
		<SimpleData name="LUASWH">0</SimpleData>
		<SimpleData name="TIPADM">0</SimpleData>
		<SimpleData name="WADMKC">Sukabumi</SimpleData>
		<SimpleData name="WADMKD">Jawa Barat</SimpleData>
		<SimpleData name="WIADPR">Hasil Delineasi Batas Desa 2017</SimpleData>
		<SimpleData name="WIADKD">0.1127653441969573</SimpleData>
		<SimpleData name="UUPP">0.0003343397899048711</SimpleData>
	</SchemaData></ExtendedData>
      <MultiGeometry><Polygon><outerBoundaryIs><LinearRing><coordinates>106.932610729,-7.19327678799993,0 106.932634524,-7.19355756499994,0 106.932601212,-7.19368129699996,0 106.932548863,-7.19382406399995,0 106.932525069,-7.19394303699994,0 106.932548863,-7.19410959999993,0 106.932548863,-7.19423333199995,0 106.932548863,-7.19441892899994,0 106.93256314,-7.19457597399997,0 106.932567899,-7.19472349999995,0 106.932567899,-7.19485199099995,0 106.932577417,-7.19496620599995,0 106.932586935,-7.19506138399993,0 106.932620247,-7.19521842799998,0 106.932634524,-7.19536595499994,0 106.932639283,-7.19549444599994,0 106.932620247,-7.19560390099997,0 106.932591694,-7.19567528499994,0 106.932525069,-7.19584184699994,0 106.932506033,-7.19593226699993,0 106.932463203,-7.19609882899994,0 106.932444167,-7.19622256099996,0 106.932439408,-7.19632725699995,0 106.932439408,-7.19643195299994,0 106.932415614,-7.19651761399996,0 106.932372783,-7.19660327499997,0 106.932234775,-7.19669845299995,0 106.932096766,-7.19676983699998,0 106.932020623,-7.19682694399995,0 106.931958757,-7.19689356899994,0 106.931934962,-7.19697447099998,0 106.931949239,-7.19704109599996,0 106.931973034,-7.19716482699994,0 106.931977793,-7.19726476499994,0 106.93194448,-7.19737421999997,0 106.931877855,-7.19748367499994,0 106.931815989,-7.19759312999997,0 106.931749364,-7.19773113899993,0 106.931687498,-7.19782631799995,0 106.931563767,-7.19795004999997,0 106.931463829,-7.19802619199993,0 106.93141624,-7.19805950499995,0 106.931335338,-7.19812612999993,0 106.931216365,-7.19825937999997,0 106.931111669,-7.19838786999998,0 106.930788062,-7.19865912899996,0 106.930697643,-7.19878286099993,0 106.930616741,-7.19889707499993,0 106.930521563,-7.19904460199996,0 106.930473973,-7.19912074399997,0 106.930285718,-7.19919728399998,0 106.930160797,-7.19922702699995,0 106.930089413,-7.19926866799995,0 106.930035875,-7.19935789699997,0 106.93001208,-7.19945902399996,0 106.929914052,-7.19958532599998,0 106.92983553,-7.19971381699997,0 106.929685624,-7.19993510699993,0 106.92957141,-7.20001362899995,0 106.929435781,-7.20009215099998,0 106.929100277,-7.20015639699994,0 106.929000339,-7.20016353499994,0 106.928921817,-7.20017781199994,0 106.928836157,-7.20022064199998,0 106.928771911,-7.20027774899995,0 106.928743358,-7.20036340999997,0 106.928736219,-7.20046334699992,0 106.928721943,-7.20057756099993,0 106.928700527,-7.20067749899994,0 106.928636282,-7.20079171299994,0 106.928550621,-7.20091306499995,0 106.928479237,-7.20099158799997,0 106.928322193,-7.20107724799993,0 106.928243671,-7.20112007899996,0 106.928179425,-7.20112007899996,0 106.927901028,-7.20109152499998,0 106.927786814,-7.20102727999995,0 106.927636908,-7.20097731099997,0 106.927494141,-7.20097017299997,0 106.927351373,-7.20100586399997,0 106.927215744,-7.20111293999997,0 106.927072976,-7.20114863199996,0 106.926930208,-7.20115577099995,0 106.926716057,-7.20112721699996,0 106.926473352,-7.20165545699996,0 106.926601843,-7.20167687199995,0 106.926716057,-7.20176253299996,0 106.926787441,-7.20181963999994,0 106.926901655,-7.20184819399998,0 106.927030146,-7.20184819399998,0 106.927108668,-7.20182677899993,0 106.927244297,-7.20182677899993,0 106.927465587,-7.20186960899997,0 106.927658323,-7.20190530099995,0 106.927815368,-7.20197668499998,0 106.927986689,-7.20206948399994,0 106.928236532,-7.20219797399994,0 106.928614867,-7.20241212599996,0 106.928786188,-7.20251206299997,0 106.928900402,-7.20256916999995,0 106.92904317,-7.20273335299993,0 106.929200214,-7.20281901399994,0 106.929400089,-7.20287612099997,0 106.929557133,-7.20291181299996,0 106.929785562,-7.20293322799995,0 106.929982859,-7.20293064999993,0 106.930131575,-7.20286521499997,0 106.930339778,-7.20278193399997,0 106.930434956,-7.20291280399994,0 106.930482545,-7.20303177699998,0 106.930482545,-7.20312100699994,0 106.930387367,-7.20341249099994,0 106.930298137,-7.20359095099997,0 106.930238651,-7.20375751299997,0 106.93019701,-7.20390028099996,0 106.930083986,-7.20409063699998,0 106.92997691,-7.20432263499993,0 106.929923372,-7.20444160799997,0 106.929917423,-7.20455820099994,0 106.929879352,-7.20461530899996,0 106.929855557,-7.20466289799998,0 106.929827004,-7.20471524599998,0 106.929812727,-7.20481518299994,0 106.929812727,-7.20486277199996,0 106.929793691,-7.20520541499997,0 106.929779415,-7.20534342399998,0 106.92975562,-7.20552902199995,0 106.92975562,-7.20566702999997,0 106.92975562,-7.20572413699995,0 106.929746102,-7.20579076199994,0 106.929688995,-7.20584786899997,0 106.929636647,-7.20587642299995,0 106.929593817,-7.20590021699996,0 106.929550986,-7.20593352999992,0 106.929546227,-7.20600967299993,0 106.929546227,-7.20606677999996,0 106.929546227,-7.20616195799994,0 106.929541469,-7.20628568999996,0 106.929479603,-7.20647128799993,0 106.929470085,-7.20653791299998,0 106.929470085,-7.20662833299997,0 106.929503397,-7.20674254699998,0 106.929531951,-7.20684724299997,0 106.929546227,-7.20697097499993,0 106.929546227,-7.20708042999996,0 106.929550986,-7.20720892099996,0 106.929565263,-7.20730885799998,0 106.929589058,-7.20738024199994,0 106.92962237,-7.20745638499994,0 106.92971279,-7.20750873299994,0 106.929855557,-7.20760391199997,0 106.929993566,-7.20770860799996,0 106.93013132,-7.20784198999996,0 106.93013132,-7.20789909699994,0 106.930106336,-7.20798475799995,0 106.930056367,-7.20805614199998,0 106.929981414,-7.20812038699995,0 106.92991003,-7.20819177099997,0 106.929795816,-7.20827029299994,0 106.929670894,-7.20833453899996,0 106.929567388,-7.20838093799995,0 106.929488866,-7.20838450699995,0 106.929278283,-7.20838450699995,0 106.929039148,-7.20838807699994,0 106.928464508,-7.20836309199996,0 106.928403831,-7.20836309199996,0 106.928332448,-7.20837736899995,0 106.928275341,-7.20840949199993,0 106.928107589,-7.20855582899998,0 106.927918421,-7.20869502699998,0 106.927693562,-7.20889847099994,0 106.927593625,-7.20903766899994,0 106.927554364,-7.20912689899995,0 106.927565071,-7.20919828299998,0 106.927586487,-7.20926609799994,0 106.927629317,-7.20934105099997,0 106.927700701,-7.20942671099994,0 106.927986236,-7.20951950999995,0 106.928153988,-7.20957661699993,0 106.928271771,-7.20960160199996,0 106.928300325,-7.20960517099996,0 106.928361001,-7.20961587899995,0 106.928396693,-7.20964443199995,0 106.92841097,-7.20973723099996,0 106.928407401,-7.20981932199993,0 106.928382416,-7.20989427499995,0 106.928353863,-7.20995138299998,0 106.928293187,-7.21001562799995,0 106.928236079,-7.21005488899993,0 106.928164696,-7.21011199599997,0 106.928104019,-7.21017624199993,0 106.928043343,-7.21025476399996,0 106.927986236,-7.21034399399997,0 106.927946975,-7.21043679299993,0 106.927932698,-7.21050817599996,0 106.927929129,-7.21058669899998,0 106.927929129,-7.21068663599993,0 106.927929129,-7.21080084999994,0 106.927911283,-7.21086509599996,0 106.927875591,-7.21090792599995,0 106.927822053,-7.21095075599993,0 106.927729254,-7.21100429399996,0 106.927597194,-7.21110780099997,0 106.927550795,-7.21119702999994,0 106.927550795,-7.21126127599996,0 106.92757221,-7.21134336699993,0 106.927611471,-7.21140047399996,0 106.927743531,-7.21156822599994,0 106.927921991,-7.21180022399994,0 106.92796839,-7.21185733099998,0 106.928029066,-7.21195369899993,0 106.928082604,-7.21205006699995,0 106.928114727,-7.21215714299996,0 106.928111158,-7.21225707999997,0 106.928089743,-7.21233917199993,0 106.928054051,-7.21245338599994,0 106.92796839,-7.21261399899993,0 106.927886299,-7.21273178299998,0 106.927811346,-7.21282101199995,0 106.927725685,-7.21284956599993,0 106.92765787,-7.21283885799994,0 106.927568641,-7.21279959699996,0 106.927507964,-7.21274248999993,0 106.927411596,-7.21266396799996,0 106.927365197,-7.21262113799997,0 106.927325936,-7.21254618499995,0 106.927315228,-7.21243910899994,0 106.92730452,-7.21237486399997,0 106.927279536,-7.21232132599994,0 106.927243844,-7.21228206499995,0 106.927168891,-7.21227135699996,0 106.9270404,-7.21228920299995,0 106.926969016,-7.21232132599994,0 106.926840526,-7.21236058699998,0 106.926751296,-7.21240698599996,0 106.926679912,-7.21244981699994,0 106.926629943,-7.21250692399997,0 106.926562129,-7.21257830699994,0 106.92655499,-7.21262827599998,0 106.926579975,-7.21268538299995,0 106.926604959,-7.21272821399998,0 106.926654928,-7.21277104399996,0 106.926701327,-7.21280316699995,0 106.926779849,-7.21287454999998,0 106.926876218,-7.21298162599993,0 106.926976155,-7.21316365499996,0 106.9270404,-7.21330999199995,0 106.927061815,-7.21337780599993,0 106.927065385,-7.21352057399997,0 106.927065385,-7.21364192699997,0 106.927061815,-7.21383466299994,0 106.927058246,-7.21398456899993,0 106.927076092,-7.21415588999997,0 106.927083231,-7.21423798199993,0 106.927101077,-7.21427367299998,0 106.927143907,-7.21430936499996,0 106.927186737,-7.21432721099995,0 106.927268829,-7.21432721099995,0 106.927361628,-7.21430222699996,0 106.927400889,-7.21428438099997,0 106.927504395,-7.21422727399994,0 106.927597194,-7.21415945899997,0 106.927689993,-7.21409521399994,0 106.927775654,-7.21405238399996,0 106.927839899,-7.21402739899997,0 106.92788273,-7.21403096799997,0 106.927914852,-7.21405238399996,0 106.927939837,-7.21408807499995,0 106.92796839,-7.21414518299997,0 106.927996944,-7.21422727399994,0 106.928036205,-7.21432721099995,0 106.928061189,-7.21442000999997,0 106.928086173,-7.21444856399995,0 106.928129004,-7.21448068699993,0 106.928228941,-7.21452708599998,0 106.928293187,-7.21455563999996,0 106.928361001,-7.21459133099995,0 106.928407401,-7.21461988499993,0 106.928443093,-7.21465200799997,0 106.928471646,-7.21470554599995,0 106.92849663,-7.21476265299998,0 106.928507338,-7.21483046699996,0 106.928507338,-7.21493754299996,0 106.9285002,-7.21499464999994,0 106.92849663,-7.21506960299996,0 106.928489492,-7.21511957199994,0 106.928460939,-7.21519452499996,0 106.928428816,-7.21525163199993,0 106.928389555,-7.21530516999997,0 106.928361001,-7.21537298399994,0 106.928361001,-7.21541938399997,0 106.92836814,-7.21546935299995,0 106.928378847,-7.21554787499997,0 106.928382416,-7.21560498199995,0 106.928393124,-7.21565851999998,0 106.928396693,-7.21571562699995,0 106.928372898,-7.21577630299993,0 106.928363381,-7.21583103099994,0 106.928332448,-7.21592620899997,0 106.928315791,-7.21598093699993,0 106.928284858,-7.21605945899995,0 106.92827772,-7.21608087399994,0 106.928265823,-7.21614273999995,0 106.928265823,-7.21619984699993,0 106.92827772,-7.21624981599996,0 106.928296756,-7.21628550799994,0 106.928327689,-7.21632119999992,0 106.92836576,-7.21637354799998,0 106.928387175,-7.21641875799997,0 106.928420488,-7.21647348499994,0 106.9284538,-7.21653535099995,0 106.928491872,-7.21659959699997,0 106.92854184,-7.21667335999996,0 106.928591809,-7.21673760499993,0 106.928617983,-7.21678757399997,0 106.928627501,-7.21688275199995,0 106.928625121,-7.21692796199994,0 106.928615604,-7.21697317199994,0 106.928615604,-7.21704455599996,0 106.928627501,-7.21712307799993,0 106.928641778,-7.21716114899993,0 106.928672711,-7.21719208199994,0 106.928706023,-7.21720873899994,0 106.928748853,-7.21722777399998,0 106.928791684,-7.21727060499995,0 106.928824996,-7.21731581399996,0 106.928858309,-7.21736816199996,0 106.928882103,-7.21742288999997,0 106.928886862,-7.21746809999996,0 106.928886862,-7.21752520699994,0 106.928874965,-7.21758945199997,0 106.928848791,-7.21762276499993,0 106.928789304,-7.21765131799998,0 106.928701264,-7.21767749199995,0 106.928658434,-7.21769176899994,0 106.928582291,-7.21771556399995,0 106.928508528,-7.21774649699995,0 106.928437144,-7.21778456799996,0 106.928291997,-7.21791186899998,0 106.928199793,-7.21803381699993,0 106.928155178,-7.21815278999998,0 106.92812246,-7.21827771099993,0 106.928116512,-7.21839668399997,0 106.928125435,-7.21847401699995,0 106.928158152,-7.21855134899994,0 106.928214664,-7.21864057899995,0 106.9282801,-7.21875062899994,0 106.928366355,-7.21887555099994,0 106.928449636,-7.21907780499993,0 106.928506148,-7.21929493099998,0 106.928550763,-7.21965482499996,0 106.928550763,-7.21991953999998,0 106.928550763,-7.22001769199994,0 106.928562661,-7.22005338399993,0 106.928577532,-7.22008610199993,0 106.928607275,-7.22011287099997,0 106.928639993,-7.22013071699996,0 106.92869948,-7.22015153699994,0 106.928770863,-7.22015451099998,0 106.928806555,-7.22015451099998,0 106.928916605,-7.22014261399994,0 106.928999886,-7.22015153699994,0 106.929038553,-7.22016640899994,0 106.929080193,-7.22019020299996,0 106.929124808,-7.22021994599993,0 106.929154551,-7.22027943299997,0 106.929178346,-7.22031512499996,0 106.929202141,-7.22034486799993,0 106.929231884,-7.22042517499995,0 106.929255679,-7.22048466199993,0 106.92927055,-7.22053522499994,0 106.929282447,-7.22062148099997,0 106.929279473,-7.22069583899997,0 106.929273524,-7.22078506799994,0 106.929252704,-7.22086537499996,0 106.92922891,-7.22093973299997,0 106.929202141,-7.22102003999993,0 106.929166449,-7.22116875699993,0 106.92913968,-7.22123716599998,0 106.92911886,-7.22128178099996,0 106.929068296,-7.22131747299994,0 106.928970143,-7.22136803599994,0 106.928907682,-7.22139777999996,0 106.928889836,-7.22142752299993,0 106.928889836,-7.22147511199995,0 106.928898759,-7.22151377799997,0 106.928916605,-7.22156434199997,0 106.928931477,-7.22160003399995,0 106.928952297,-7.22164464899993,0 106.928973118,-7.22171603299995,0 106.928987989,-7.22176956999994,0 106.929008809,-7.22189449199993,0 106.929008809,-7.22194208099995,0 106.929005835,-7.22202833699993,0 106.928987989,-7.22210269499993,0 106.92896122,-7.22218002699998,0 106.928937426,-7.22224248799995,0 106.92891958,-7.22230494899998,0 106.928901734,-7.22237930699993,0 106.928889836,-7.22246258799993,0 106.928889836,-7.22257561299995,0 106.928895785,-7.22263212499996,0 106.928925528,-7.22270945799994,0 106.928946349,-7.22274217499995,0 106.928976092,-7.22281653299996,0 106.929014758,-7.22289683999998,0 106.929059373,-7.22299796699997,0 106.929136705,-7.22315263199994,0 106.9291605,-7.22320319599993,0 106.929163474,-7.22324781099996,0 106.929157526,-7.22329837399997,0 106.929157526,-7.22335191199994,0 106.929148603,-7.22342626999995,0 106.929148603,-7.22347980799998,0 106.929148603,-7.22359580699998,0 106.929136705,-7.22366124199993,0 106.92907127,-7.22380103499995,0 106.929020707,-7.22386646999996,0 106.928964195,-7.22391108499994,0 106.928901734,-7.22396462299997,0 106.928854144,-7.22402410999996,0 106.92880953,-7.22407169899998,0 106.928794658,-7.22412821099994,0 106.928800607,-7.22421446699997,0 106.928800607,-7.22430964499995,0 106.928797632,-7.22444943799997,0 106.928788709,-7.22462789799994,0 106.92876194,-7.22479148599996,0 106.928750043,-7.22488368999996,0 106.928711377,-7.22495804799996,0 106.928634044,-7.22509784199997,0 106.928559901,-7.22504369499995,0 106.928489945,-7.22501085899995,0 106.928432838,-7.22500514799998,0 106.928400001,-7.22500943099993,0 106.92828436,-7.22506225499995,0 106.928238674,-7.22510365799997,0 106.928174429,-7.22516219199997,0 106.928088768,-7.22526498499997,0 106.927984548,-7.22542773999993,0 106.927934579,-7.22548627499998,0 106.927894604,-7.22551197299993,0 106.927826075,-7.22554052699996,0 106.927764685,-7.22554052699996,0 106.927703295,-7.22553053299993,0 106.927587653,-7.22548056399995,0 106.927473439,-7.22541060799995,0 106.927312112,-7.22530495999996,0 106.927125086,-7.22518360699996,0 106.927047992,-7.22514363199997,0 106.926992312,-7.22512792799995,0 106.92687096,-7.22510365799997,0 106.926575431,-7.22506368299997,0 106.926248493,-7.22505083299995,0 106.92586302,-7.22503084599998,0 106.925700265,-7.22504226699994,0 106.925594617,-7.22506510999995,0 106.925460415,-7.22509937399997,0 106.925186301,-7.22521787199997,0 106.925088263,-7.22526014899995,0 106.924802256,-7.22538348199993,0 106.924323985,-7.22559906099997,0 106.924022745,-7.22566901699997,0 106.923770046,-7.22570470899996,0 106.92366297,-7.22568329399996,0 106.923604436,-7.22565474099997,0 106.923545901,-7.22560048899993,0 106.923500215,-7.22552767699995,0 106.92345453,-7.22540489699998,0 106.923423121,-7.22521501599994,0 106.92337458,-7.22489521699993,0 106.923387429,-7.22470819099993,0 106.923414555,-7.22451973799997,0 106.92345453,-7.22434127799994,0 106.923467379,-7.22424990699994,0 106.923471662,-7.22417852299998,0 106.923457385,-7.22411427799994,0 106.923424548,-7.22404289399998,0 106.923307479,-7.22381446599996,0 106.923124736,-7.22352179199993,0 106.922943421,-7.22332334499993,0 106.922810648,-7.22320199199993,0 106.922509408,-7.22295500399997,0 106.922343797,-7.22286506099994,0 106.922152489,-7.22278225499997,0 106.921994017,-7.22271087199994,0 106.921912639,-7.22264662599997,0 106.921799853,-7.22256524899996,0 106.921535732,-7.22238107799996,0 106.921350134,-7.22221118499994,0 106.921271612,-7.22213837299995,0 106.921223071,-7.22206127899994,0 106.921191662,-7.22199132299994,0 106.921175958,-7.22191137299995,0 106.92117453,-7.22184141599996,0 106.921200704,-7.22176931899997,0 106.921216171,-7.22169912499993,0 106.921214981,-7.22161346399997,0 106.921165012,-7.22150876799998,0 106.921029383,-7.22138503599996,0 106.920957999,-7.22133744699994,0 106.920919928,-7.22129461599997,0 106.920894943,-7.22123869899997,0 106.920865795,-7.22111437199993,0 106.920853898,-7.22103703999994,0 106.920806309,-7.22094780999993,0 106.920767642,-7.22089129799997,0 106.920699233,-7.22082288799993,0 106.920633798,-7.22074258099997,0 106.920571337,-7.22066822299996,0 106.920416672,-7.22043919999993,0 106.920305432,-7.22035056499993,0 106.92002882,-7.22016913099998,0 106.91991877,-7.22006502999994,0 106.919746259,-7.21990441599996,0 106.919680824,-7.21981221199997,0 106.919648106,-7.21970811099993,0 106.91963026,-7.21959508599997,0 106.919627286,-7.21946718999993,0 106.919636209,-7.21932442299993,0 106.91963026,-7.21921734699993,0 106.919594568,-7.21912514299993,0 106.919523184,-7.21901211799997,0 106.919466672,-7.21892586299998,0 106.919386365,-7.21880986399998,0 106.919332827,-7.21874442899997,0 106.919291187,-7.21872360899994,0 106.919216829,-7.21869683999995,0 106.919148419,-7.21869089099994,0 106.919059189,-7.21871765999992,0 106.919002677,-7.21873847999996,0 106.918856935,-7.21878904399995,0 106.918797449,-7.21882770999997,0 106.918708219,-7.21888719699996,0 106.918604117,-7.21899724699995,0 106.918505965,-7.21915191199997,0 106.918437555,-7.21919950099993,0 106.918381043,-7.21921437299994,0 106.918321556,-7.21921437299994,0 106.918232327,-7.21917868099996,0 106.918166891,-7.21914001399995,0 106.918101456,-7.21909242499993,0 106.918003303,-7.21900022099993,0 106.917961663,-7.21892883699996,0 106.91788433,-7.21880986399998,0 106.917845664,-7.21876524899994,0 106.917792126,-7.21872360899994,0 106.917717768,-7.21868196799994,0 106.917640436,-7.21864032799994,0 106.917569052,-7.21859868699994,0 106.917491719,-7.21855704599994,0 106.917435207,-7.21852432899993,0 106.917372746,-7.21847971399995,0 106.917316234,-7.21842022699997,0 106.917259722,-7.21836371499995,0 106.917212133,-7.21831017699998,0 106.917108031,-7.21822094799995,0 106.91700393,-7.21816443499995,0 106.916890905,-7.21813766599996,0 106.916831419,-7.21811982099996,0 106.916736241,-7.21810792299993,0 106.916655934,-7.21807520599998,0 106.91658455,-7.21802761599997,0 106.916528038,-7.21798002699995,0 106.916504243,-7.21789377199997,0 106.916504243,-7.21784618199996,0 106.916513166,-7.21776587599993,0 106.916539935,-7.21771828599998,0 106.916566704,-7.21761418499995,0 106.916566704,-7.21756659599993,0 106.916528038,-7.21745654599994,0 106.916456059,-7.21731258799997,0 106.916432264,-7.21723168699998,0 106.916425126,-7.21716506199994,0 106.916425126,-7.21706750399994,0 106.91640847,-7.21700563799993,0 106.916384675,-7.21695566899996,0 106.916332327,-7.21690094199994,0 106.916296635,-7.21686286999994,0 106.916237149,-7.21681765999995,0 106.916189559,-7.21678672699994,0 106.916122934,-7.21677007099993,0 106.916087243,-7.21676055299997,0 106.91600872,-7.21676055299997,0 106.915858814,-7.21678434799998,0 106.915794569,-7.21681765999995,0 106.915711288,-7.21688428499994,0 106.915639904,-7.21694139199997,0 106.915520931,-7.21701991499998,0 106.915344851,-7.21711033399993,0 106.915161632,-7.21720075399998,0 106.915056936,-7.21722692799995,0 106.914983173,-7.21722930699997,0 106.914921307,-7.21722454799993,0 106.914854682,-7.21718647699993,0 106.914802334,-7.21714602599997,0 106.91477616,-7.21710081599997,0 106.914764262,-7.21704846799997,0 106.914761883,-7.21698184299993,0 106.914766642,-7.21691759799995,0 106.914814231,-7.21677958899994,0 106.914833267,-7.21664871899998,0 106.914890374,-7.21624420999996,0 106.914909409,-7.21577069799997,0 106.91490465,-7.21538046599994,0 106.914895133,-7.21524007799997,0 106.914878476,-7.21519724799998,0 106.914849923,-7.21514727899995,0 106.914807093,-7.21511396599993,0 106.914749985,-7.21509730999998,0 106.914683361,-7.21508065399996,0 106.914633392,-7.21506399799995,0 106.9145977,-7.21503306499994,0 106.914576285,-7.21496881899998,0 106.914573905,-7.21486650199995,0 106.914578664,-7.21473325299996,0 106.914578664,-7.21462141799998,0 106.914547731,-7.21450720399997,0 106.914528696,-7.21444771699993,0 106.914495383,-7.21439536899993,0 106.914457312,-7.21437157499997,0 106.914385928,-7.21435729799992,0 106.914312165,-7.21435729799992,0 106.914231263,-7.21438823099993,0 106.914117049,-7.21442154299996,0 106.913998076,-7.21447627099997,0 106.913950487,-7.21446913199998,0 106.913900518,-7.21443819899997,0 106.913857688,-7.21438109199994,0 106.913852929,-7.21430970899996,0 106.913860067,-7.21421928899997,0 106.913879103,-7.21416456099996,0 106.913898138,-7.21409317799993,0 106.913907656,-7.21401227599995,0 106.913919554,-7.21385285199995,0 106.913905277,-7.21375053499997,0 106.913876723,-7.21371484299993,0 106.913819616,-7.21368866899996,0 106.91380058,-7.21364583899998,0 106.913795822,-7.21356017799997,0 106.91375775,-7.21301290199995,0 106.91371492,-7.21276067899993,0 106.913695884,-7.21271308999997,0 106.913662572,-7.21265122399996,0 106.913653054,-7.21260839399997,0 106.913648295,-7.21255128699994,0 106.913657813,-7.21250369799998,0 106.913686366,-7.21247990299997,0 106.913710161,-7.21246562599993,0 106.913748232,-7.21246562599993,0 106.913814857,-7.21246562599993,0 106.913876723,-7.21248466199995,0 106.913938589,-7.21255604599997,0 106.914005214,-7.21266074199997,0 106.914038527,-7.21271308999997,0 106.914071839,-7.21277971499995,0 106.914181294,-7.21283682199993,0 106.91424316,-7.21286061699993,0 106.914314544,-7.21286061699993,0 106.914400205,-7.21284158099996,0 106.914462071,-7.21280826899994,0 106.914490624,-7.21274640299993,0 106.914490624,-7.21265598299993,0 106.914457312,-7.21255604599997,0 106.914428758,-7.21248942099993,0 106.914381169,-7.21242279599994,0 106.914357374,-7.21235617099995,0 106.914357374,-7.21229906399998,0 106.914390687,-7.21222292099998,0 106.914400205,-7.21215153699995,0 106.914362133,-7.21207539499994,0 106.91433358,-7.21202304699995,0 106.914285991,-7.21194690399994,0 106.914271714,-7.21188027899996,0 106.914276473,-7.21181365399997,0 106.914343098,-7.21172799299995,0 106.914462071,-7.21162805599994,0 106.914623874,-7.21151860099997,0 106.914823749,-7.21133300299994,0 106.914907426,-7.21123960899996,0 106.91497881,-7.21118607099993,0 106.915014502,-7.21118012199997,0 106.915115629,-7.21119201999994,0 106.915222705,-7.21125150599994,0 106.915311935,-7.21134073599995,0 106.91537737,-7.21144186299995,0 106.915442805,-7.21151324699997,0 106.91550824,-7.21160247699993,0 106.915561778,-7.21162627099994,0 106.91572834,-7.21163816899997,0 106.915859211,-7.21157868199998,0 106.916019824,-7.21151324699997,0 106.916120952,-7.21140617099996,0 106.916174489,-7.21134668499997,0 106.916239925,-7.21129909599995,0 106.916317257,-7.21128124999996,0 106.916489768,-7.21124555799997,0 106.916620638,-7.21112063599998,0 106.91670392,-7.21100166299993,0 106.916757457,-7.21087079299997,0 106.916793149,-7.21075181899994,0 106.91683479,-7.21059120599995,0 106.916894276,-7.21049602699998,0 106.916953763,-7.21034136199995,0 106.916989455,-7.21025213299993,0 106.917025147,-7.21014505699998,0 106.917072736,-7.21008556999993,0 106.917161966,-7.21004392999993,0 106.917411809,-7.21003203299995,0 106.917548628,-7.21001418699996,0 106.917685447,-7.20998444299994,0 106.917768728,-7.20996659699995,0 106.917875804,-7.20993090499996,0 106.917911496,-7.20990711099995,0 106.917911496,-7.20985952199993,0 106.917905547,-7.20981788099994,0 106.917869855,-7.20960967799994,0 106.917863907,-7.20946096199998,0 106.917905547,-7.20895532599997,0 106.917994777,-7.20866979099998,0 106.91807211,-7.20841994799997,0 106.918089956,-7.20821174499997,0 106.91811375,-7.20805113099993,0 106.91811375,-7.20795000399994,0 106.918167288,-7.20785482599996,0 106.918208929,-7.20778344199994,0 106.918250569,-7.20771800699993,0 106.918274364,-7.20766446899995,0 106.918262466,-7.20758713599997,0 106.918232723,-7.20753359799994,0 106.918167288,-7.20746221499996,0 106.918078058,-7.20740867699993,0 106.917899599,-7.20732539599993,0 106.917733036,-7.20725401199996,0 106.917614063,-7.20718262799994,0 106.917560525,-7.20712314099995,0 106.917560525,-7.20705175799998,0 106.917620012,-7.20687924699996,0 106.917744934,-7.20656396799995,0 106.917875804,-7.20611781899993,0 106.917947188,-7.20580848899993,0 106.917953137,-7.20559433799997,0 106.917923393,-7.20542777499998,0 106.917810369,-7.20529095599994,0 106.917703293,-7.20522552099993,0 106.917536731,-7.20516008599998,0 106.917376117,-7.20511249699996,0 106.91727499,-7.20507085599996,0 106.917209555,-7.20502921599996,0 106.917120325,-7.20494593499996,0 106.917001352,-7.20477342399994,0 106.916935917,-7.20460686099995,0 106.91687643,-7.20449978599993,0 106.916793149,-7.20436296699995,0 106.916727714,-7.20423804499995,0 106.916668228,-7.20405958499992,0 106.916632536,-7.20389897199993,0 106.91661469,-7.20375620399994,0 106.916555203,-7.20350636099994,0 106.916501665,-7.20333384999998,0 106.916400538,-7.20313159599993,0 106.916311308,-7.20297693099997,0 106.916233976,-7.20279252199998,0 106.916180438,-7.20256052499997,0 106.916180438,-7.20245344899996,0 106.916204233,-7.20237611699997,0 106.916293462,-7.20218575999996,0 106.916495717,-7.20188237899993,0 106.916697971,-7.20159089499998,0 106.916751509,-7.20146002399997,0 106.916775303,-7.20136484599993,0 106.916805047,-7.20126966699996,0 106.916840739,-7.20121018099996,0 106.916900225,-7.20115664299993,0 106.916971609,-7.20113284799993,0 106.91705489,-7.20112689999996,0 106.917167914,-7.20111500199994,0 106.91723335,-7.20109120799998,0 106.91736422,-7.20104956699993,0 106.917489142,-7.20097818299996,0 106.917608115,-7.20089490199996,0 106.917691396,-7.20083541599996,0 106.91780442,-7.20070454499995,0 106.91789365,-7.20057962399994,0 106.917917445,-7.20050229099996,0 106.917917445,-7.20039521499996,0 106.917905547,-7.20032977999995,0 106.917923393,-7.20006209099995,0 106.917929342,-7.19985388799995,0 106.917953137,-7.19966353099994,0 106.917994777,-7.19955645499994,0 106.918078058,-7.19943748199995,0 106.918185134,-7.19930661199993,0 106.918244621,-7.19924712599993,0 106.918310056,-7.19919358799996,0 106.918405234,-7.19915194699996,0 106.918494464,-7.19913410099997,0 106.918595591,-7.19912815199996,0 106.918696718,-7.19908651199995,0 106.918785948,-7.19903297399998,0 106.918928716,-7.19893184699993,0 106.919029843,-7.19881882299995,0 106.919119072,-7.19869984999997,0 106.919208302,-7.19860467099994,0 106.91935107,-7.19845000599997,0 106.919464094,-7.19836672499997,0 106.919547375,-7.19828939199994,0 106.9196604,-7.19817041899995,0 106.919743681,-7.19807524099997,0 106.919803167,-7.19801575399993,0 106.919832911,-7.19793247299998,0 106.919844808,-7.19785514099993,0 106.919850757,-7.19777185999993,0 106.919868603,-7.19772426999998,0 106.919898346,-7.19762909199994,0 106.919930994,-7.19754267299993,0 106.920230265,-7.19778368599998,0 106.920402776,-7.19786696699992,0 106.920551492,-7.19786101799997,0 106.920706157,-7.19785506899996,0 106.920801335,-7.19781937799996,0 106.920944103,-7.19776583999993,0 106.921033333,-7.19773609599997,0 106.921110665,-7.19766471299994,0 106.921128511,-7.19759927699994,0 106.921205844,-7.19755168799998,0 106.921277228,-7.19753979099994,0 106.921366457,-7.19755763699993,0 106.921419995,-7.19758143099995,0 106.921491379,-7.19763496899998,0 106.921544917,-7.19765876399993,0 106.921699582,-7.19765876399993,0 106.921776915,-7.19764091799993,0 106.921878042,-7.19759927699994,0 106.921949425,-7.19753384199993,0 106.922050553,-7.19739107499993,0 106.922115988,-7.19726615299993,0 106.922199269,-7.19710553899995,0 106.922288499,-7.19695087399998,0 106.922365831,-7.19687354199993,0 106.922437215,-7.19683190099994,0 106.922550239,-7.19677241499994,0 106.922764391,-7.19651067399997,0 106.922877415,-7.19639170099992,0 106.922996388,-7.19623703599996,0 106.923079669,-7.19615375499995,0 106.923168899,-7.19609426799997,0 106.923311667,-7.19601098699997,0 106.923388999,-7.19596934699996,0 106.923698329,-7.19579088699993,0 106.923841097,-7.19574329799997,0 106.923954121,-7.19571355499994,0 106.924037402,-7.19568381099998,0 106.924132581,-7.19563622199996,0 106.924186119,-7.19554104399998,0 106.9242694,-7.19545181399997,0 106.924424065,-7.19536258399995,0 106.924654873,-7.19523924899994,0 106.924822625,-7.19516072599993,0 106.92493327,-7.19506078899997,0 106.924958254,-7.19496442099995,0 106.924958254,-7.19485020699994,0 106.924954685,-7.19475026899994,0 106.924972531,-7.19467174699997,0 106.925054622,-7.19458251699996,0 106.925161698,-7.19448257999994,0 106.925404403,-7.19432910499995,0 106.925618554,-7.19422916699995,0 106.925732768,-7.19414707599998,0 106.925839844,-7.19408283099995,0 106.925954058,-7.19403286199997,0 106.926018304,-7.19401501599998,0 106.926368085,-7.19402215399998,0 106.926471591,-7.19404713899996,0 106.926582236,-7.19406855399995,0 106.92665362,-7.19413279899993,0 106.926667897,-7.19418633699996,0 106.926692881,-7.19425058299993,0 106.926735711,-7.19429341299997,0 106.926821372,-7.19431482799996,0 106.926935586,-7.19434338199994,0 106.927028385,-7.19430768999996,0 106.927089061,-7.19427913599998,0 106.92713903,-7.19427556699998,0 106.927192568,-7.19425058299993,0 106.927217552,-7.19422202899995,0 106.927235398,-7.19414350699998,0 106.927249675,-7.19406141499996,0 106.927285367,-7.19401858499998,0 106.927342474,-7.19398289299994,0 106.927406719,-7.19398289299994,0 106.927478103,-7.19398289299994,0 106.927638717,-7.19400073899993,0 106.927775536,-7.19408045099993,0 106.927829074,-7.19413398899997,0 106.927894509,-7.19419347599995,0 106.927948047,-7.19428270499998,0 106.927983739,-7.19436598599998,0 106.92801943,-7.19448495999995,0 106.92801943,-7.19465152199996,0 106.927995636,-7.19480618699993,0 106.927971841,-7.19488946799993,0 106.927959944,-7.19500249199996,0 106.927959944,-7.19513336299997,0 106.928007533,-7.19516310599994,0 106.928165767,-7.19514525999995,0 106.928225254,-7.19509767099993,0 106.928308535,-7.19503818399994,0 106.928439405,-7.19499059499998,0 106.928689249,-7.19491921099996,0 106.929117552,-7.19473480299996,0 106.929254371,-7.19466341899994,0 106.929486368,-7.19449685699993,0 106.929641033,-7.19434814099998,0 106.929760006,-7.19425296199995,0 106.929914671,-7.19418157799993,0 106.930105028,-7.19408045099993,0 106.930265642,-7.19401501599998,0 106.930354871,-7.19399122099998,0 106.930497639,-7.19397337499993,0 106.93067015,-7.19398527299995,0 106.930783174,-7.19400906699997,0 106.930866456,-7.19402096499994,0 106.930991377,-7.19399122099998,0 106.931324502,-7.19389009399993,0 106.931449423,-7.19383060799993,0 106.931502961,-7.19381870999996,0 106.931544602,-7.19381870999996,0 106.931621934,-7.19377112099994,0 106.931693318,-7.19369378899995,0 106.931705216,-7.19362240499993,0 106.931723062,-7.19358076399993,0 106.931800394,-7.19353317499997,0 106.93190747,-7.19349748299993,0 106.931966956,-7.19343799699993,0 106.9319967,-7.19336066399995,0 106.9319967,-7.19328927999993,0 106.932014545,-7.19324763999998,0 106.932020494,-7.19320005099996,0 106.932074032,-7.19314056399998,0 106.932139467,-7.19314056399998,0 106.932204902,-7.19316435899998,0 106.932240594,-7.19321194799994,0 106.932270338,-7.19326548599997,0 106.932335773,-7.19330712599998,0 106.932407157,-7.19333092099993,0 106.932460694,-7.19333092099993,0 106.932610729,-7.19327678799993,0</coordinates></LinearRing></outerBoundaryIs></Polygon></MultiGeometry>
  </Placemark>
  <Placemark id="Desa_Cimenteng.2">
	<name>Cimenteng Jaya</name>
	<description>BA03070040</description>
	<Style><LineStyle><color>ff0000ff</color></LineStyle><PolyStyle><fill>0</fill></PolyStyle></Style>
	<ExtendedData><SchemaData schemaUrl="#Desa_Cimenteng">
		<SimpleData name="NAMOBJ"></SimpleData>
		<SimpleData name="FCODE">TASWIL1000020230928_DATA_BATAS_DESAKELURAHAN</SimpleData>
		<SimpleData name="REMARK">SRGI 2013</SimpleData>
		<SimpleData name="KDBBPS">36.02.18</SimpleData>
		<SimpleData name="KDCPUM">36.02.18.2012</SimpleData>
		<SimpleData name="KDEPUM">36.02</SimpleData>
		<SimpleData name="KDPBPS">36</SimpleData>
		<SimpleData name="KDPKAB">124.6049093577714</SimpleData>
		<SimpleData name="KDPPUM">1</SimpleData>
		<SimpleData name="LUASWH">0</SimpleData>
		<SimpleData name="TIPADM">0</SimpleData>
		<SimpleData name="WADMKC">Lebak</SimpleData>
		<SimpleData name="WADMKD">Banten</SimpleData>
		<SimpleData name="WIADPR">Kesepakatan Teknis Batas Wilayah Administrasi Desa/Kelurahan Tahun 2021</SimpleData>
		<SimpleData name="WIADKD">0.07467658902152807</SimpleData>
		<SimpleData name="UUPP">0.000101831630615345</SimpleData>
	</SchemaData></ExtendedData>
      <MultiGeometry><Polygon><outerBoundaryIs><LinearRing><coordinates>106.241691357,-6.30979023699996,0 106.241737153,-6.30998383399998,0 106.241800288,-6.31013324099996,0 106.241786535,-6.31027207699998,0 106.241722087,-6.31035270999996,0 106.241431362,-6.31080007699995,0 106.241011624,-6.31170970899996,0 106.240949098,-6.31188565299993,0 106.240951167,-6.31190882299995,0 106.240960859,-6.31196144499995,0 106.240968142,-6.31200689299993,0 106.240980453,-6.31215522499997,0 106.240978226,-6.31222462599993,0 106.240966399,-6.31227969099996,0 106.240944983,-6.31232520799995,0 106.240925896,-6.31234439699995,0 106.240890056,-6.31235883999994,0 106.240830278,-6.31236376799995,0 106.240772823,-6.31233997599998,0 106.240739255,-6.31230416199998,0 106.240720043,-6.31227070699993,0 106.240705585,-6.31222527499995,0 106.240700705,-6.31218460699995,0 106.240693468,-6.31215830199994,0 106.240679044,-6.31212722799995,0 106.240661974,-6.31210713999997,0 106.240652674,-6.31210096899997,0 106.240604825,-6.31209390399994,0 106.240535475,-6.31209646199994,0 106.240466176,-6.31212055699996,0 106.240401688,-6.31215660399994,0 106.240344691,-6.31220316599996,0 106.240250822,-6.31226484799993,0 106.240218169,-6.31227582499997,0 106.240174846,-6.31230789899996,0 106.239787835,-6.31248829099997,0 106.239754415,-6.31251469299997,0 106.239697091,-6.31254593699992,0 106.23964455,-6.31257716999994,0 106.239603944,-6.31259880299996,0 106.239548943,-6.31260132699992,0 106.239510626,-6.31257988199997,0 106.239489073,-6.31256796899993,0 106.239445974,-6.31254653499997,0 106.23939333,-6.31253469599994,0 106.239362239,-6.31253476999996,0 106.239307284,-6.31255643699996,0 106.239266684,-6.31258046299996,0 106.239140208,-6.31269801699995,0 106.239109208,-6.31273637799995,0 106.239059121,-6.31279392799996,0 106.238985849,-6.31285608399997,0 106.238875033,-6.31291122299996,0 106.23870671,-6.31293076699995,0 106.238545913,-6.31289669099993,0 106.238376194,-6.31286104999998,0 106.238243752,-6.31286526199995,0 106.238176884,-6.31290610099995,0 106.238119594,-6.31295170299995,0 106.238067144,-6.31302122299996,0 106.23799084,-6.31311712199994,0 106.237976581,-6.31315544299997,0 106.237959971,-6.31321051999993,0 106.237965447,-6.31350244399994,0 106.23794648,-6.31357188499993,0 106.237922689,-6.31362458599995,0 106.23788452,-6.31366535599994,0 106.237767354,-6.31367520699996,0 106.237623784,-6.31364443999996,0 106.237492201,-6.31362560899993,0 106.23740854,-6.31364495099996,0 106.23732968,-6.31367146099996,0 106.237265198,-6.31370990099992,0 106.237229397,-6.31374109499995,0 106.23721277,-6.31378899299995,0 106.237208089,-6.31383207699997,0 106.237208214,-6.31388472099997,0 106.237222711,-6.31394690299993,0 106.237294823,-6.31409987899997,0 106.237299748,-6.31415969099993,0 106.237290295,-6.31420757199993,0 106.23726171,-6.31425549899996,0 106.237230698,-6.31428907299994,0 106.237173413,-6.31433706799993,0 106.237080294,-6.31440189899996,0 106.237027815,-6.31445945399997,0 106.237013596,-6.31451452499994,0 106.237008915,-6.31455760899996,0 106.236987516,-6.31461030499997,0 106.236958919,-6.31465344499998,0 106.236951801,-6.31467739199996,0 106.236954289,-6.31471806599995,0 106.236982925,-6.31487247499996,0 106.23696601,-6.31494192899993,0 106.236880811,-6.31499701699994,0 106.236780432,-6.31502597099995,0 106.236626258,-6.31506223099996,0 106.236507967,-6.31510199599995,0 106.23635024,-6.31515262199997,0 106.236282182,-6.31519585599995,0 106.236242831,-6.31524261199996,0 106.23623575,-6.31528211199998,0 106.236246589,-6.31531439099996,0 106.236271777,-6.31534663599996,0 106.236296974,-6.31538246999997,0 106.23631861,-6.31542908099993,0 106.236348695,-6.31552137399996,0 106.236348874,-6.31552901799995,0 106.236329781,-6.31560134599994,0 106.236276131,-6.31566967199996,0 106.236193782,-6.31573806599994,0 106.236125664,-6.31575617499993,0 106.236061091,-6.31575632799996,0 106.236025216,-6.31575641299997,0 106.235971431,-6.31576730899997,0 106.235899785,-6.31581055199996,0 106.235795894,-6.31587181899994,0 106.235754703,-6.31594516099995,0 106.236023622,-6.31685425399996,0 106.236322618,-6.31759411599995,0 106.236346671,-6.31761815299996,0 106.236254295,-6.31769819099998,0 106.236136085,-6.31787825899994,0 106.236062482,-6.31805644599996,0 106.236249228,-6.31834284799993,0 106.236117665,-6.31838906799993,0 106.235966678,-6.31845834399996,0 106.235823399,-6.31855057299992,0 106.235752145,-6.31862003399993,0 106.235664832,-6.31872356199995,0 106.235489704,-6.31897102599993,0 106.235337418,-6.31918422599995,0 106.235183229,-6.31938981099995,0 106.235029442,-6.31962216399995,0 106.234743891,-6.32007801699996,0 106.234515132,-6.32036551599998,0 106.234379823,-6.32059540199998,0 106.234142265,-6.32099166299997,0 106.233904627,-6.32135469799994,0 106.233763258,-6.32157553699994,0 106.233681918,-6.32164822399994,0 106.233621582,-6.32166649099997,0 106.233546158,-6.32168781399997,0 106.233476744,-6.32169703999995,0 106.233386139,-6.32168215199994,0 106.233266989,-6.32166061599997,0 106.233215208,-6.32174536199994,0 106.232841524,-6.32170737599995,0 106.232820006,-6.32153952299996,0 106.232565363,-6.32146738199998,0 106.232109559,-6.32133844099997,0 106.232153224,-6.32087492499994,0 106.232176809,-6.32037676199997,0 106.232232034,-6.32035587899998,0 106.232247622,-6.32007072299996,0 106.232253189,-6.31986411999998,0 106.23194267,-6.31987482699998,0 106.231921254,-6.31920024999994,0 106.231899839,-6.31893256099994,0 106.23141086,-6.31926449599996,0 106.23130699,-6.31907712099996,0 106.231191077,-6.31886801899998,0 106.231090277,-6.31892837699996,0 106.231066483,-6.31845248499997,0 106.230735217,-6.31847928699995,0 106.230016545,-6.31843761299996,0 106.23001952,-6.31816100099996,0 106.229281887,-6.31816992399996,0 106.229299733,-6.31797659199998,0 106.22898148,-6.31797064399996,0 106.228788149,-6.31792305499994,0 106.228648355,-6.31796172099996,0 106.228374717,-6.31799741299994,0 106.227756057,-6.31797361799994,0 106.227750109,-6.31777731299997,0 106.2269054,-6.31770592899994,0 106.226346227,-6.31772377499993,0 106.226304586,-6.31758992999994,0 106.225980385,-6.31756018699997,0 106.225743866,-6.31754226099997,0 106.225685961,-6.31750507199996,0 106.225654751,-6.31745489299993,0 106.225618725,-6.31739036899995,0 106.225580363,-6.31734977899993,0 106.225532486,-6.31733074799996,0 106.22549422,-6.31733083799998,0 106.225434463,-6.31734533699995,0 106.225389022,-6.31734544399995,0 106.225367486,-6.31734070899995,0 106.225348297,-6.31731682399993,0 106.225341026,-6.31727616099994,0 106.225328978,-6.31723790299998,0 106.225295461,-6.31722362399995,0 106.225259598,-6.31722849399995,0 106.225082719,-6.31727198399994,0 106.225042067,-6.31727447199995,0 106.224999001,-6.31726739499993,0 106.224972625,-6.31723874199997,0 106.22495096,-6.31717896899994,0 106.224917382,-6.31713836799997,0 106.224869521,-6.31712651599997,0 106.224852813,-6.31714091299995,0 106.224843331,-6.31717682899995,0 106.224843461,-6.31723186699998,0 106.224894028,-6.31737771699994,0 106.224894118,-6.31741600399994,0 106.22489418,-6.31744232699998,0 106.224882284,-6.31746867699997,0 106.224851232,-6.31748550099996,0 106.224791441,-6.31748564099996,0 106.224339395,-6.31747474099996,0 106.224272396,-6.31746054099995,0 106.224236477,-6.31744148199994,0 106.224195813,-6.31743918399997,0 106.224138414,-6.31743931899996,0 106.224083429,-6.31744901999997,0 106.22403087,-6.31747307399996,0 106.224011793,-6.31749704799995,0 106.223978383,-6.31752823499994,0 106.22392584,-6.31755946699997,0 106.223619886,-6.31763436799997,0 106.223538604,-6.31764891599994,0 106.223443001,-6.31767546399993,0 106.223359356,-6.31770198299995,0 106.223316368,-6.31772840599996,0 106.223263853,-6.31777160299993,0 106.223230539,-6.31784346899997,0 106.223216285,-6.31788418299993,0 106.223178125,-6.31792973899996,0 106.223108613,-6.31797651299996,0 106.222781437,-6.31798840999994,0 106.222454261,-6.31798840999994,0 106.222323391,-6.31799138499997,0 106.222284687,-6.31842665799996,0 106.221980116,-6.31842427899994,0 106.221775482,-6.31840762199994,0 106.221613679,-6.31837668899993,0 106.22147567,-6.31839810499997,0 106.221113485,-6.31848615099995,0 106.220821127,-6.31840826399997,0 106.220445917,-6.31832070199994,0 106.22038797,-6.31843210399995,0 106.220326944,-6.31848726399994,0 106.219758848,-6.31836531699997,0 106.219774895,-6.31832434099994,0 106.219919503,-6.31795314499993,0 106.220007543,-6.31765809199993,0 106.220051028,-6.31746014999993,0 106.220068178,-6.31731835399995,0 106.219741002,-6.31720235499995,0 106.219561972,-6.31718842299995,0 106.21942743,-6.31707940699994,0 106.219598752,-6.31681290799997,0 106.21956187,-6.31666538099995,0 106.219503601,-6.31662792599997,0 106.219571388,-6.31627165999993,0 106.219535696,-6.31597125299993,0 106.219508927,-6.31562028199994,0 106.219485132,-6.31526633699997,0 106.219318455,-6.31523394599998,0 106.219301389,-6.31509519499997,0 106.219298387,-6.31483436999997,0 106.21942036,-6.31483408499997,0 106.219710004,-6.31494348199993,0 106.219956111,-6.31484479399995,0 106.22009944,-6.31477266999997,0 106.22025411,-6.31474910299994,0 106.220332367,-6.31475698999998,0 106.220347963,-6.31473480199998,0 106.220411455,-6.31473861199993,0 106.220531512,-6.31494173099998,0 106.220585646,-6.31507919799998,0 106.220435531,-6.31512616299995,0 106.220432934,-6.31529367599995,0 106.220466064,-6.31539828899997,0 106.220538107,-6.31552374999995,0 106.220604262,-6.31568810999994,0 106.220685175,-6.31577167399996,0 106.220748264,-6.31590313799995,0 106.220763443,-6.31600181199997,0 106.220856602,-6.31620798499995,0 106.22086877,-6.31629769199998,0 106.220833057,-6.31636657299993,0 106.220897534,-6.31709028899996,0 106.220939598,-6.31717992499995,0 106.220928074,-6.31736540599996,0 106.220943358,-6.31750894699996,0 106.221090063,-6.31760132899996,0 106.221233659,-6.31764286899994,0 106.221311408,-6.31765165999997,0 106.221427818,-6.31757361599995,0 106.22157726,-6.31755830899993,0 106.221789623,-6.31760267799996,0 106.221945184,-6.31764718099993,0 106.222280019,-6.31764938599997,0 106.222186698,-6.31737441599995,0 106.222159427,-6.31721893799994,0 106.222183,-6.31707231499996,0 106.222295928,-6.31678489599994,0 106.222568365,-6.31686501799993,0 106.22292933,-6.31699530299994,0 106.223043936,-6.31700628599998,0 106.223154554,-6.31705914899993,0 106.223164585,-6.31705338199993,0 106.223168401,-6.31684518699996,0 106.223187036,-6.31683652899994,0 106.223223626,-6.31683173899995,0 106.223915146,-6.31688590099998,0 106.223933993,-6.31676381699998,0 106.224074981,-6.31671323299997,0 106.224300041,-6.31681799299997,0 106.224621757,-6.31683518399996,0 106.224847107,-6.31655467899998,0 106.225147924,-6.31597352199998,0 106.224915568,-6.31556625099995,0 106.224921499,-6.31513548699996,0 106.224963127,-6.31502831899996,0 106.225133668,-6.31458927699993,0 106.225361271,-6.31475863999998,0 106.225523968,-6.31478697199998,0 106.225600505,-6.31478918499994,0 106.225806156,-6.31477673599994,0 106.226100218,-6.31473057799997,0 106.226315356,-6.31468460499997,0 106.226477603,-6.31452150299998,0 106.226601567,-6.31435131099994,0 106.226694451,-6.31418597899994,0 106.226743015,-6.31398844699993,0 106.226857601,-6.31389844199992,0 106.226968304,-6.31368281599993,0 106.227107731,-6.31347789099993,0 106.227322409,-6.31323689399994,0 106.22740454,-6.31307517699997,0 106.227400732,-6.31298186099997,0 106.227895433,-6.31270042099993,0 106.227931614,-6.31268061299994,0 106.228164337,-6.31263517799994,0 106.228174752,-6.31248798699994,0 106.228253582,-6.31244831799995,0 106.228321827,-6.31248405099996,0 106.22865532,-6.31242583299996,0 106.228928346,-6.31232602899996,0 106.229335675,-6.31229993399995,0 106.229410305,-6.31229652199994,0 106.229452433,-6.31229459599996,0 106.229459748,-6.31229426099998,0 106.229442876,-6.31198726399998,0 106.229461436,-6.31198641599997,0 106.229464571,-6.31198627299995,0 106.229503544,-6.31198449099998,0 106.22955535,-6.31191321999995,0 106.229556447,-6.31191325999993,0 106.22958439,-6.31191426999993,0 106.229601183,-6.31191541899994,0 106.229603551,-6.31191558099994,0 106.22961362,-6.31191626999993,0 106.229633,-6.31191753999997,0 106.229648002,-6.31191654199995,0 106.22971889,-6.31191182799995,0 106.229825783,-6.31190471999997,0 106.229852999,-6.31190687799995,0 106.229893611,-6.31191009999998,0 106.22991307,-6.31191164299997,0 106.229920496,-6.31191223199994,0 106.229962359,-6.31191555299995,0 106.229995874,-6.31191821099998,0 106.230020468,-6.31192016199998,0 106.23011513,-6.31188354999995,0 106.230127032,-6.31188274099998,0 106.230128323,-6.31188265299994,0 106.230223164,-6.31187620699995,0 106.230311484,-6.31187020299996,0 106.230336661,-6.31186849199997,0 106.23037994,-6.31186554999994,0 106.23040478,-6.31186174999993,0 106.2304279,-6.31186081999994,0 106.230467296,-6.31185558199996,0 106.230648703,-6.31183146399997,0 106.230720952,-6.31182185799997,0 106.230785382,-6.31181329199995,0 106.23079721,-6.31181171999998,0 106.230835949,-6.31179898599993,0 106.230868084,-6.31178842299994,0 106.230928561,-6.31176854399996,0 106.231052202,-6.31172790199997,0 106.231096446,-6.31171605699996,0 106.231111188,-6.31171210999997,0 106.23119824,-6.31168880499996,0 106.231267178,-6.31167034899994,0 106.231293955,-6.31166318099997,0 106.231516281,-6.31162091999994,0 106.231524287,-6.31161939799995,0 106.231789478,-6.31155498199996,0 106.231857496,-6.31153740699995,0 106.231884265,-6.31153049099993,0 106.231924988,-6.31151996899996,0 106.232001895,-6.31149799499997,0 106.232014085,-6.31149451299996,0 106.232038028,-6.31148767199994,0 106.232044913,-6.31148570399995,0 106.232111596,-6.31146879899995,0 106.232112652,-6.31147059299997,0 106.232114022,-6.31148767199994,0 106.232114571,-6.31149451299996,0 106.232124847,-6.31162256899995,0 106.232124863,-6.31162276099997,0 106.232133674,-6.31162139499997,0 106.232148316,-6.31161912399995,0 106.232342619,-6.31158898699994,0 106.232333813,-6.31149412599996,0 106.232330698,-6.31146057499996,0 106.232323946,-6.31138785099995,0 106.232319642,-6.31134148199993,0 106.232313033,-6.31127028999992,0 106.232281102,-6.31092634299995,0 106.232277723,-6.31083848599997,0 106.232273488,-6.31072837199997,0 106.232648491,-6.31068839699998,0 106.232908051,-6.31064169999996,0 106.232912809,-6.31047275799995,0 106.233041565,-6.31047190199996,0 106.233270918,-6.31047037899998,0 106.233300902,-6.31047223799993,0 106.233424394,-6.31047989599995,0 106.233455327,-6.31061076699996,0 106.233720877,-6.31064092399993,0 106.233832471,-6.31065359699994,0 106.23387594,-6.31065610899998,0 106.234100425,-6.31066908199995,0 106.234305984,-6.31068096099995,0 106.234446268,-6.31067181199995,0 106.234579622,-6.31066311499995,0 106.23492301,-6.31063804999997,0 106.234987105,-6.31063337199993,0 106.235207205,-6.31062444899993,0 106.235852336,-6.31055895399993,0 106.235956438,-6.31032695699997,0 106.235992129,-6.30993731999996,0 106.23600479,-6.30983952799994,0 106.236680007,-6.30994788799995,0 106.237023854,-6.30997099999996,0 106.237018151,-6.31008766999997,0 106.237350168,-6.31016465099998,0 106.237397709,-6.31004190099998,0 106.237595114,-6.31008330799995,0 106.237586266,-6.31013417899993,0 106.238321784,-6.31017729799993,0 106.238677653,-6.31022730199993,0 106.238946763,-6.31025059199993,0 106.2390674,-6.30994053899997,0 106.239118855,-6.30972096799997,0 106.239238301,-6.30971720399998,0 106.239339645,-6.30969207599998,0 106.239402732,-6.30967086899994,0 106.239578639,-6.30962259099994,0 106.239760285,-6.30957429999995,0 106.239825286,-6.30955308799997,0 106.239913219,-6.30952033499995,0 106.23996484,-6.30950489699995,0 106.24003559,-6.30948749999993,0 106.240094883,-6.30947970099993,0 106.240152267,-6.30947382199997,0 106.240251748,-6.30946975599994,0 106.240493425,-6.30946470899994,0 106.24050681,-6.30950607899996,0 106.24055886,-6.30966696299993,0 106.2407165,-6.30965803999993,0 106.241055573,-6.30964911699994,0 106.241127102,-6.30965487899994,0 106.241340632,-6.30967207899994,0 106.241441439,-6.30966703899998,0 106.241444962,-6.30978539099993,0 106.241691357,-6.30979023699996,0</coordinates></LinearRing></outerBoundaryIs></Polygon></MultiGeometry>
  </Placemark>
  <Placemark id="Desa_Cimenteng.3">
	<name>Cimenteng</name>
	<description>BA03070040</description>
	<Style><LineStyle><color>ff0000ff</color></LineStyle><PolyStyle><fill>0</fill></PolyStyle></Style>
	<ExtendedData><SchemaData schemaUrl="#Desa_Cimenteng">
		<SimpleData name="NAMOBJ"></SimpleData>
		<SimpleData name="FCODE">TASWIL1000020230928_DATA_BATAS_DESAKELURAHAN</SimpleData>
		<SimpleData name="REMARK">SRGI 2013</SimpleData>
		<SimpleData name="KDBBPS">32.13.19</SimpleData>
		<SimpleData name="KDCPUM">32.13.19.2004</SimpleData>
		<SimpleData name="KDEPUM">32.13</SimpleData>
		<SimpleData name="KDPBPS">32</SimpleData>
		<SimpleData name="KDPKAB">1817.669145507924</SimpleData>
		<SimpleData name="KDPPUM">1</SimpleData>
		<SimpleData name="LUASWH">0</SimpleData>
		<SimpleData name="TIPADM">0</SimpleData>
		<SimpleData name="WADMKC">Subang</SimpleData>
		<SimpleData name="WADMKD">Jawa Barat</SimpleData>
		<SimpleData name="WIADPR">Kesepakatan Teknis Batas Wilayah Administrasi Desa/Kelurahan Tahun 2021</SimpleData>
		<SimpleData name="WIADKD">0.195215227978172</SimpleData>
		<SimpleData name="UUPP">0.001486428933732203</SimpleData>
	</SchemaData></ExtendedData>
      <MultiGeometry><Polygon><outerBoundaryIs><LinearRing><coordinates>107.826718,-6.61956499999997,0 107.828058333,-6.62466333299994,0 107.835112702,-6.62456792599994,0 107.837593394,-6.63451910799995,0 107.838195624,-6.63610300199997,0 107.837595,-6.64016666699996,0 107.836973402,-6.64199818899993,0 107.836165135,-6.64513926099994,0 107.835520835,-6.64752205899993,0 107.834934368,-6.64950622099997,0 107.834575353,-6.64997288399996,0 107.834416274,-6.65051658299996,0 107.836317341,-6.65272162099996,0 107.837175222,-6.65389286099997,0 107.837902823,-6.65485925599995,0 107.83837427,-6.65591779999994,0 107.838488441,-6.65621414899994,0 107.838626878,-6.65642276699998,0 107.838757972,-6.65660178499996,0 107.839011037,-6.65670360299993,0 107.839175569,-6.65671030699997,0 107.839209271,-6.65658389099997,0 107.839246425,-6.65639243199996,0 107.839341068,-6.65621976699993,0 107.839511426,-6.65590896999993,0 107.839648719,-6.65583550699995,0 107.839782648,-6.65584238699995,0 107.840012541,-6.65590608899993,0 107.840234474,-6.65591628799996,0 107.840318895,-6.65596170099997,0 107.840350135,-6.65607244399996,0 107.840404174,-6.65615628099994,0 107.840607597,-6.65627368399993,0 107.840837643,-6.65636415799997,0 107.840983643,-6.65647424099996,0 107.840972937,-6.65660817499997,0 107.840908655,-6.65673859099996,0 107.840912987,-6.65682653899995,0 107.84098215,-6.65687968999993,0 107.841139076,-6.65689408699996,0 107.841272676,-6.65684359499994,0 107.841360174,-6.65675894299994,0 107.841471196,-6.65677360399997,0 107.841544207,-6.65683055799997,0 107.841636894,-6.65698302099997,0 107.841786302,-6.65702040999997,0 107.841962222,-6.65701174799995,0 107.842286954,-6.65693720699994,0 107.842459027,-6.65692474199994,0 107.842547097,-6.65693953399995,0 107.842585636,-6.65698903599997,0 107.842594014,-6.65711520999997,0 107.842617714,-6.65724511999997,0 107.842671445,-6.65727540999995,0 107.842778509,-6.65726714399995,0 107.842931213,-6.65721271699994,0 107.8430917,-6.65718119299993,0 107.84323339,-6.65720715199996,0 107.843379082,-6.65726368699995,0 107.843471727,-6.65740849999997,0 107.843503452,-6.65760338699994,0 107.843550215,-6.65775228899997,0 107.843650312,-6.65786263499996,0 107.843792355,-6.65794978899993,0 107.843988041,-6.65805193499995,0 107.844103505,-6.65817366699997,0 107.844176979,-6.65831093999998,0 107.844241254,-6.65860507899993,0 107.843719848,-6.65860808999997,0 107.843197181,-6.65870777399994,0 107.842868632,-6.65892059099997,0 107.842517256,-6.65924956099997,0 107.842136957,-6.65963844699996,0 107.84130647,-6.66061618899994,0 107.840812873,-6.66154509199993,0 107.840498711,-6.66218452999993,0 107.840218425,-6.66268231699996,0 107.839886104,-6.66313975999998,0 107.839802409,-6.66325388199994,0 107.839600367,-6.66352936999994,0 107.839472826,-6.66372907699997,0 107.839396058,-6.66389817299995,0 107.839313698,-6.66399528899996,0 107.838889551,-6.66432259099997,0 107.83858478,-6.66460161599997,0 107.838477707,-6.66495960299994,0 107.838401849,-6.66511739699996,0 107.838209976,-6.66586972499994,0 107.838180756,-6.66603535599995,0 107.838211478,-6.66620302599995,0 107.838470332,-6.66646048599995,0 107.838706446,-6.66677986799994,0 107.838774844,-6.66699324699994,0 107.838759301,-6.66714080999998,0 107.838702676,-6.66724241999998,0 107.83869909,-6.66724885499997,0 107.838697514,-6.66725168399995,0 107.838697081,-6.66725246099998,0 107.835910928,-6.66832261099995,0 107.835178795,-6.66860376899996,0 107.834357463,-6.66891917999993,0 107.831170806,-6.67014291699996,0 107.830982413,-6.67021526299993,0 107.82954874,-6.67078690899996,0 107.828762287,-6.67110048899997,0 107.828213453,-6.67146456699993,0 107.827001859,-6.67226829599997,0 107.825241421,-6.67343609999995,0 107.82521352,-6.67344206499996,0 107.824830867,-6.67352386499994,0 107.823921981,-6.67371815799993,0 107.823640929,-6.67377823799995,0 107.821403254,-6.67425657799993,0 107.821291501,-6.67428046699996,0 107.818786281,-6.67350046999996,0 107.818385522,-6.67337569299997,0 107.81746417,-6.67308882599997,0 107.813997985,-6.67285382899996,0 107.813109979,-6.67279361999994,0 107.810216799,-6.67259744599994,0 107.808726693,-6.67249640199998,0 107.807909265,-6.67275684199996,0 107.807555638,-6.67286950999994,0 107.805603987,-6.67349131499998,0 107.804622542,-6.67380400499997,0 107.802216622,-6.67457052599997,0 107.802098999,-6.67460799999998,0 107.802244383,-6.67387303499993,0 107.802245333,-6.67386822999993,0 107.802311482,-6.67361896299997,0 107.802391986,-6.67336051399997,0 107.802459263,-6.67319163599996,0 107.802474931,-6.67308882599997,0 107.802481667,-6.67306499999995,0 107.802618496,-6.67190665299995,0 107.802621741,-6.67187992999993,0 107.802633886,-6.67177992499995,0 107.802705,-6.67117999999994,0 107.802657082,-6.67061883599996,0 107.802656782,-6.67023544699992,0 107.802553111,-6.66906013799996,0 107.802522245,-6.66867780999996,0 107.802505969,-6.66833843099994,0 107.802475864,-6.66808997499993,0 107.802459915,-6.66780796999996,0 107.802439129,-6.66751642899993,0 107.802435896,-6.66694747399993,0 107.802415741,-6.66626195199996,0 107.802404758,-6.66567582799996,0 107.802398229,-6.66534807399995,0 107.801605921,-6.66559032199996,0 107.801197534,-6.66569123199997,0 107.800921335,-6.66575379499994,0 107.800797078,-6.66577039399994,0 107.798306493,-6.66610309599997,0 107.79840764,-6.66550599999994,0 107.79939039,-6.66312811299997,0 107.800373292,-6.66075899599997,0 107.80059613,-6.66039543499994,0 107.800936754,-6.66030415899996,0 107.801085653,-6.65865975099996,0 107.800459114,-6.65796519699995,0 107.799812143,-6.65742044399997,0 107.799814465,-6.65741571199993,0 107.79979755,-6.65740202599994,0 107.800212672,-6.65659016299998,0 107.800895793,-6.65568348599993,0 107.801238351,-6.65522882199997,0 107.802050312,-6.65415113699993,0 107.80225259,-6.65279177499997,0 107.802355997,-6.65209685399998,0 107.802416011,-6.65169354199998,0 107.802468329,-6.65134195099995,0 107.802485236,-6.65122833499993,0 107.80245186,-6.65117827899996,0 107.802411932,-6.65111839699995,0 107.802433548,-6.65106184299998,0 107.802655888,-6.65048012399996,0 107.802668972,-6.65044588999996,0 107.80310642,-6.64930137299996,0 107.80324622,-6.64893560599995,0 107.803611894,-6.64797887099996,0 107.803615552,-6.64796930099993,0 107.803831217,-6.64736608499993,0 107.804114099,-6.64714049399993,0 107.80457906,-6.64676969899995,0 107.805033454,-6.64640733099998,0 107.80504704,-6.64639649599997,0 107.805091954,-6.64636067899994,0 107.805575305,-6.64597521799993,0 107.807516141,-6.64403460499994,0 107.807845771,-6.64428477699994,0 107.80836344,-6.64467765899997,0 107.80891574,-6.64509682299996,0 107.809080265,-6.64522168899992,0 107.809185386,-6.64448474599993,0 107.809295795,-6.64371073699994,0 107.809227754,-6.64260752499996,0 107.809153998,-6.64141162099997,0 107.809577763,-6.64083489699993,0 107.80961732,-6.64035143099994,0 107.809623796,-6.64034701299994,0 107.810264705,-6.63990981399996,0 107.810929051,-6.63945662499998,0 107.811424156,-6.63911888499996,0 107.813793411,-6.63750266599993,0 107.813964518,-6.63735740399994,0 107.818370479,-6.63361691399996,0 107.818398956,-6.63356692899993,0 107.81839312,-6.63354974899994,0 107.818376809,-6.63354027999998,0 107.818360551,-6.63354037199997,0 107.818339518,-6.63354144799996,0 107.818308938,-6.63354544699996,0 107.818266888,-6.63355046699996,0 107.818212395,-6.63355364599994,0 107.818152149,-6.63355398799996,0 107.818095705,-6.63355048399995,0 107.818047808,-6.63353641299994,0 107.818015158,-6.63351269199995,0 107.817986317,-6.63348608199993,0 107.817949608,-6.63342126499998,0 107.817916456,-6.63331110199994,0 107.817879529,-6.63323548199998,0 107.817797558,-6.63306851399994,0 107.817752804,-6.63298181099998,0 107.817707944,-6.63280450199994,0 107.817677468,-6.63266449199995,0 107.817657,-6.63255200099997,0 107.817609957,-6.63235598999995,0 107.817546667,-6.63220118599997,0 107.817409944,-6.63186261599998,0 107.817361068,-6.63175405699997,0 107.817345271,-6.63170626799996,0 107.817334456,-6.63165667699997,0 107.817335033,-6.63163273999993,0 107.817341862,-6.63160685199995,0 107.817384614,-6.63149554799998,0 107.817407116,-6.63144807499998,0 107.817412546,-6.63143767499997,0 107.817428452,-6.63141110799995,0 107.817486255,-6.63132590299995,0 107.817515015,-6.63128350899996,0 107.817536425,-6.63123923799998,0 107.81757543,-6.63116184199993,0 107.81758179,-6.63114543499995,0 107.817585509,-6.63106977499996,0 107.817583374,-6.63103058099995,0 107.817571653,-6.63098761599997,0 107.817558026,-6.63094561899993,0 107.817515596,-6.63088370399993,0 107.81741228,-6.63073990799995,0 107.817321412,-6.63065395199993,0 107.817272548,-6.63059049899994,0 107.817126859,-6.63037461599993,0 107.817059232,-6.63028276399996,0 107.816938303,-6.63014039499996,0 107.816792669,-6.62990072499997,0 107.816775466,-6.62981834599998,0 107.816777544,-6.62976334999996,0 107.816790394,-6.62971068299993,0 107.816805649,-6.62966039399993,0 107.816829291,-6.62961364199998,0 107.816849402,-6.62957647399998,0 107.816870783,-6.62955244599993,0 107.81688978,-6.62952962699995,0 107.816907588,-6.62950800999994,0 107.816920629,-6.62948881099993,0 107.816978781,-6.62941437199993,0 107.816994178,-6.62938918299994,0 107.816995142,-6.62934853699994,0 107.816993804,-6.62932344299998,0 107.816980513,-6.62929841699997,0 107.816940937,-6.62927593099994,0 107.816737222,-6.62918863499993,0 107.816466697,-6.62911831599996,0 107.816360425,-6.62907883399993,0 107.816231078,-6.62902507099994,0 107.816155044,-6.62897558999992,0 107.816126145,-6.62893869999994,0 107.816116351,-6.62889811499997,0 107.816115006,-6.62887182499998,0 107.81613979,-6.62881550499998,0 107.816174273,-6.62878303599996,0 107.816220607,-6.62873256999995,0 107.816246681,-6.62869297699996,0 107.816269148,-6.62864981799993,0 107.816338664,-6.62847132199994,0 107.816349123,-6.62841866899993,0 107.816349898,-6.62834455499996,0 107.816349592,-6.62829076799994,0 107.816348459,-6.62809115799996,0 107.816349396,-6.62804573099993,0 107.816343209,-6.62800871099995,0 107.816334679,-6.62798007199996,0 107.816321441,-6.62796460799996,0 107.816283115,-6.62795167699994,0 107.816253204,-6.62794706599993,0 107.816235273,-6.62794716799993,0 107.816155387,-6.62798348099994,0 107.816124342,-6.62798963299997,0 107.816093276,-6.62799219999994,0 107.816066978,-6.62799234999994,0 107.816021513,-6.62798543599996,0 107.815977196,-6.62797014899996,0 107.815875237,-6.62790857099998,0 107.81577681,-6.62783741099997,0 107.815689047,-6.62774945599995,0 107.815614344,-6.62764588799996,0 107.815582871,-6.62757673899995,0 107.815579067,-6.62753851099995,0 107.815580059,-6.62750264599993,0 107.815588223,-6.62746673999993,0 107.815694415,-6.62722109899994,0 107.815758205,-6.62708686199994,0 107.815779307,-6.62701382799997,0 107.815799269,-6.62695036299993,0 107.815812126,-6.62689889199993,0 107.815816564,-6.62683489999995,0 107.815768121,-6.62636481899995,0 107.815779418,-6.62600485099995,0 107.815788673,-6.62592470399994,0 107.815793214,-6.62589865999996,0 107.815804803,-6.62586280199997,0 107.815825109,-6.62581278999994,0 107.815836458,-6.62579049299995,0 107.815868522,-6.62575110699993,0 107.81588132,-6.62574321699998,0 107.815916728,-6.62572747599995,0 107.815939338,-6.62571962499993,0 107.815952949,-6.62571516499997,0 107.815973163,-6.62571079299994,0 107.815979766,-6.62571088099997,0 107.816009196,-6.62571653099997,0 107.816017975,-6.62572203499997,0 107.816029026,-6.62573694699995,0 107.816031297,-6.62574635599998,0 107.816030033,-6.62577648499996,0 107.816027441,-6.62582526799997,0 107.816027747,-6.62588289699994,0 107.816029774,-6.62590296699994,0 107.816035155,-6.62592445199994,0 107.816040494,-6.62593828699994,0 107.816061168,-6.62595825099993,0 107.816108183,-6.62598571599995,0 107.816143188,-6.62600320799993,0 107.816171437,-6.62600974099996,0 107.816199166,-6.62600910499998,0 107.816223516,-6.62600275199998,0 107.81624594,-6.62599401799997,0 107.816266435,-6.62598242699994,0 107.816280245,-6.62597230799997,0 107.816439209,-6.62584183399997,0 107.816570943,-6.62571557899997,0 107.816639887,-6.62564705499994,0 107.816687375,-6.62558940999998,0 107.81670752,-6.62555821799998,0 107.81672524,-6.62552106299995,0 107.816733417,-6.62548754699998,0 107.81673443,-6.62545526799994,0 107.816709613,-6.62529523799998,0 107.816699772,-6.62524628599994,0 107.816687649,-6.62521647199998,0 107.816670731,-6.62518429499994,0 107.816640636,-6.62514258099998,0 107.816518586,-6.62502555499998,0 107.816487644,-6.62500238399997,0 107.81644448,-6.62497396199996,0 107.816414426,-6.62494424999994,0 107.81638548,-6.62489899199994,0 107.816362503,-6.62485250599997,0 107.816352744,-6.62481789699996,0 107.816358449,-6.62477005199997,0 107.816372084,-6.62475025199996,0 107.816389405,-6.62472977199997,0 107.816422781,-6.62470968999997,0 107.81643232,-6.62470533199996,0 107.816454284,-6.62469994799994,0 107.816467191,-6.62469939699997,0 107.816525601,-6.62471245299997,0 107.816552399,-6.62471612599995,0 107.816590677,-6.62472068999995,0 107.816638964,-6.62471945999994,0 107.816674298,-6.62471065299997,0 107.816697205,-6.62470287299993,0 107.81676536,-6.62466375799994,0 107.816860153,-6.62462831699997,0 107.816918603,-6.62460646899996,0 107.816948365,-6.62458478499997,0 107.816979281,-6.62455592199996,0 107.817005436,-6.62453067199993,0 107.817033949,-6.62449943199994,0 107.817124812,-6.62437693099997,0 107.817178194,-6.62421891099996,0 107.817234228,-6.62398192199993,0 107.817268787,-6.62389530799993,0 107.817307068,-6.62379322199996,0 107.817399922,-6.62368932599998,0 107.817513168,-6.62363369899998,0 107.817644453,-6.62359709399993,0 107.817742343,-6.62357382799996,0 107.817865126,-6.62355157599995,0 107.818011101,-6.62353763799996,0 107.818082876,-6.62354679299995,0 107.818143982,-6.62357154699993,0 107.818338247,-6.62367921699996,0 107.81851088,-6.62376668999997,0 107.818719672,-6.62390655099995,0 107.818832704,-6.62399124699994,0 107.818861923,-6.62399848099994,0 107.818958111,-6.62400440699997,0 107.819028603,-6.62399802999994,0 107.819087107,-6.62398574499997,0 107.819139533,-6.62395556399997,0 107.819194254,-6.62390863599995,0 107.819256073,-6.62384851999997,0 107.819407421,-6.62370459699997,0 107.819631747,-6.62348420799998,0 107.81976026,-6.62338068099996,0 107.819819811,-6.62334209299996,0 107.819897278,-6.62330101299995,0 107.819952141,-6.62327918599993,0 107.819998679,-6.62326457799998,0 107.820041704,-6.62326313799997,0 107.820115843,-6.62326749799996,0 107.820155358,-6.62327922599997,0 107.820217645,-6.62330158299994,0 107.820253628,-6.62332289399995,0 107.820409478,-6.62340209399997,0 107.820489859,-6.62345303599994,0 107.820564269,-6.62350520599995,0 107.820631684,-6.62358849499998,0 107.820654593,-6.62362302799994,0 107.820658349,-6.62365288999996,0 107.820662173,-6.62369470399994,0 107.820659932,-6.62372101299997,0 107.820647027,-6.62376411799994,0 107.820628112,-6.62380127999995,0 107.820591274,-6.62383973899995,0 107.820550904,-6.62388777999996,0 107.820375921,-6.62401786799995,0 107.820329526,-6.62405757699997,0 107.820302155,-6.62407924799993,0 107.820274818,-6.62410689499995,0 107.820255883,-6.62414047099998,0 107.820245261,-6.62416443799998,0 107.820241777,-6.62418238699996,0 107.820183361,-6.62463095899994,0 107.820196017,-6.62485174899996,0 107.820206978,-6.62489143999994,0 107.820281197,-6.62501887699995,0 107.82033293,-6.62507715299995,0 107.820380955,-6.62511393499994,0 107.820437245,-6.62513273999997,0 107.820479117,-6.62513847799994,0 107.820548393,-6.62512852199995,0 107.820600853,-6.62510431799996,0 107.820641304,-6.62507061899993,0 107.820679331,-6.62503095799997,0 107.820703062,-6.62499974499997,0 107.820750652,-6.62496002999995,0 107.820779245,-6.62494313299993,0 107.820848805,-6.62489330399995,0 107.821172502,-6.62450263499994,0 107.821422477,-6.62423392799997,0 107.821703546,-6.62388234399998,0 107.821927717,-6.62361523399994,0 107.822028539,-6.62351903699994,0 107.822169687,-6.62345129699997,0 107.822202103,-6.62343389999995,0 107.822270607,-6.62337231099997,0 107.822291449,-6.62333776799994,0 107.822408157,-6.62300815699996,0 107.822507989,-6.62273792799994,0 107.822615895,-6.62254224099996,0 107.82289847,-6.62192749199994,0 107.823024395,-6.62172902499998,0 107.823069687,-6.62162166799993,0 107.823099744,-6.62152587299994,0 107.823110828,-6.62145695999993,0 107.823104329,-6.62132312299997,0 107.823090506,-6.62124670199995,0 107.822971496,-6.62088430499995,0 107.82288377,-6.62068329599998,0 107.822801637,-6.62053434999996,0 107.822677348,-6.62032946399995,0 107.82251197,-6.62003041799994,0 107.822456148,-6.61989921599996,0 107.822435311,-6.61980849199995,0 107.822432323,-6.61970332199996,0 107.822429185,-6.61957185599994,0 107.822439664,-6.61931241599996,0 107.822455937,-6.61923104299996,0 107.822490187,-6.61915793399993,0 107.822536438,-6.61909312499995,0 107.822611289,-6.61901261399993,0 107.822693313,-6.61893206299993,0 107.822920548,-6.61874191299995,0 107.822977653,-6.61869377699998,0 107.823021744,-6.61866961999993,0 107.823128937,-6.61860087899993,0 107.823187264,-6.61855751599995,0 107.823311219,-6.61849346099996,0 107.823345843,-6.61848609199996,0 107.823380378,-6.61846318499994,0 107.823405209,-6.61841523199996,0 107.823422867,-6.61836731899996,0 107.823439323,-6.61831821799996,0 107.823455806,-6.61827389799993,0 107.823514199,-6.61817407499996,0 107.82358279,-6.61811180999996,0 107.823631676,-6.61809001699993,0 107.823681812,-6.61807777899998,0 107.823712911,-6.61808118799996,0 107.823759604,-6.61809407099997,0 107.823783572,-6.61810469299996,0 107.8239361,-6.61823052799997,0 107.824124053,-6.61849003499998,0 107.8242899,-6.61864567699996,0 107.824354774,-6.61870268199993,0 107.824425625,-6.61875965399997,0 107.824504789,-6.61880701599995,0 107.824544371,-6.61883069699996,0 107.824606664,-6.61885424899998,0 107.824665311,-6.61886706399997,0 107.824722693,-6.61886793299993,0 107.824789699,-6.61884095099998,0 107.824840481,-6.61880519599993,0 107.825005449,-6.61861185499993,0 107.825113354,-6.61847454299993,0 107.825200464,-6.61838111799995,0 107.82524808,-6.61834618399996,0 107.825296966,-6.61832438999994,0 107.825369834,-6.61831560899998,0 107.825443938,-6.61831399199997,0 107.825540841,-6.61832778399997,0 107.825615122,-6.61835724399998,0 107.825756504,-6.61841500999998,0 107.825779297,-6.61842922399995,0 107.825786565,-6.61844591699997,0 107.825797493,-6.61847573699993,0 107.825796494,-6.61851040599993,0 107.825736168,-6.61868914299993,0 107.825722542,-6.61874869199994,0 107.825726345,-6.61878691999993,0 107.825728886,-6.61881320199996,0 107.825735094,-6.61885380699994,0 107.825748473,-6.61889437099995,0 107.82579425,-6.61895626599994,0 107.825855497,-6.61900611999994,0 107.825953984,-6.61908803599994,0 107.826005547,-6.61911642999996,0 107.826041488,-6.61913056899994,0 107.82608342,-6.61914706399995,0 107.826102607,-6.61915771299994,0 107.826154503,-6.61917444199997,0 107.826216702,-6.61920029299995,0 107.826276297,-6.61922127099996,0 107.826309876,-6.61924020499993,0 107.826327908,-6.61925803199995,0 107.826348351,-6.61927943099994,0 107.826361629,-6.61930206599993,0 107.826364419,-6.61933401899995,0 107.82636814,-6.61936099699994,0 107.826373553,-6.61936694299993,0 107.826386148,-6.61937463999993,0 107.82648744,-6.61942426599995,0 107.82651082,-6.61943668399994,0 107.826532992,-6.61944671799995,0 107.826544385,-6.61945322699995,0 107.826585767,-6.61947809299994,0 107.826610346,-6.61949110099994,0 107.826624143,-6.61949998799997,0 107.826649327,-6.61951418799993,0 107.826667936,-6.61952842599993,0 107.826718,-6.61956499999997,0</coordinates></LinearRing></outerBoundaryIs></Polygon></MultiGeometry>
  </Placemark>
  <Placemark id="Desa_Cimenteng.4">
	<name>Cimenteng</name>
	<description>BA03070040</description>
	<Style><LineStyle><color>ff0000ff</color></LineStyle><PolyStyle><fill>0</fill></PolyStyle></Style>
	<ExtendedData><SchemaData schemaUrl="#Desa_Cimenteng">
		<SimpleData name="NAMOBJ"></SimpleData>
		<SimpleData name="FCODE">TASWIL1000020230928_DATA_BATAS_DESAKELURAHAN</SimpleData>
		<SimpleData name="REMARK">SRGI 2013</SimpleData>
		<SimpleData name="KDBBPS">32.03.15</SimpleData>
		<SimpleData name="KDCPUM">32.03.15.2002</SimpleData>
		<SimpleData name="KDEPUM">32.03</SimpleData>
		<SimpleData name="KDPBPS">32</SimpleData>
		<SimpleData name="KDPKAB">1359.124498795378</SimpleData>
		<SimpleData name="KDPPUM">1</SimpleData>
		<SimpleData name="LUASWH">0</SimpleData>
		<SimpleData name="TIPADM">0</SimpleData>
		<SimpleData name="WADMKC">Cianjur</SimpleData>
		<SimpleData name="WADMKD">Jawa Barat</SimpleData>
		<SimpleData name="WIADPR">Kesepakatan Teknis Batas Wilayah Administrasi Desa/Kelurahan Tahun 2021</SimpleData>
		<SimpleData name="WIADKD">0.1805506693726849</SimpleData>
		<SimpleData name="UUPP">0.001112172997662127</SimpleData>
	</SchemaData></ExtendedData>
      <MultiGeometry><Polygon><outerBoundaryIs><LinearRing><coordinates>107.080410291,-6.96211211399998,0 107.080661021,-6.96257129099996,0 107.080847119,-6.96288664699995,0 107.081054004,-6.96311990399994,0 107.080988154,-6.96335889399995,0 107.080971126,-6.96340584999996,0 107.080857194,-6.96340826499994,0 107.080774066,-6.96344785799994,0 107.080720552,-6.96347201199995,0 107.080656548,-6.96350577999993,0 107.080581051,-6.96353864199995,0 107.080495259,-6.96362579699996,0 107.080445778,-6.96369585699995,0 107.080362089,-6.96382538699993,0 107.080314556,-6.96390309299994,0 107.080197831,-6.96392369799997,0 107.08010121,-6.96394325899996,0 107.080013243,-6.96397139099997,0 107.079928166,-6.96400333899993,0 107.079895831,-6.96405323199997,0 107.07987879,-6.96409731799997,0 107.079835893,-6.96414055999998,0 107.079769067,-6.96418582099994,0 107.07969463,-6.96417659699995,0 107.079646218,-6.96416536899994,0 107.079574176,-6.96415730999996,0 107.079490443,-6.96418800399994,0 107.07941405,-6.96423522099997,0 107.079336743,-6.96429200899996,0 107.0792939,-6.96434768899996,0 107.079265479,-6.96441670099995,0 107.079232279,-6.96448764599995,0 107.079173142,-6.96453957099993,0 107.079047939,-6.96459178599997,0 107.078925617,-6.96464590199997,0 107.078851953,-6.96466057799995,0 107.078772545,-6.96467527799996,0 107.078713366,-6.96471763599993,0 107.078648506,-6.96477436899994,0 107.078637277,-6.96483373699994,0 107.078619262,-6.96487399999995,0 107.078560045,-6.96490774699993,0 107.07851792,-6.96490888899996,0 107.078452836,-6.96491491599994,0 107.078377308,-6.96494107999996,0 107.078326789,-6.96499296699994,0 107.078307635,-6.96505000999997,0 107.07830987,-6.96512271299997,0 107.07830431,-6.96516483499994,0 107.078301627,-6.96520789999994,0 107.078281115,-6.96533332499996,0 107.078246294,-6.96547124999995,0 107.078215836,-6.96551252499995,0 107.078172976,-6.96556437799995,0 107.078080226,-6.96559348799997,0 107.07799718,-6.96558869499995,0 107.077910809,-6.96560762799993,0 107.077841035,-6.96563567999993,0 107.077761694,-6.96566568799994,0 107.077756134,-6.96570780999997,0 107.077748706,-6.96576046399997,0 107.077733795,-6.96585333499996,0 107.077873103,-6.96595987899997,0 107.077945164,-6.96601832799996,0 107.077980794,-6.96618871999993,0 107.077995103,-6.96626741599994,0 107.078018892,-6.96629447399994,0 107.078048849,-6.96629588299993,0 107.078111923,-6.96629726599997,0 107.07814753,-6.96630884299998,0 107.078145897,-6.96637295299996,0 107.078138049,-6.96641540599995,0 107.078154848,-6.96644849699993,0 107.078202123,-6.96646465699996,0 107.078248994,-6.96651888299994,0 107.078324742,-6.96652748199995,0 107.078371029,-6.96661689099994,0 107.078404728,-6.96685948999993,0 107.078553441,-6.96700111699994,0 107.078561531,-6.96704180799998,0 107.078587693,-6.96708044199994,0 107.078609416,-6.96712100799994,0 107.078622756,-6.96716041499997,0 107.078648021,-6.96719020299997,0 107.078654269,-6.96724997199993,0 107.078664055,-6.96729776699993,0 107.07865942,-6.96733246999997,0 107.078643281,-6.96736448599995,0 107.078665363,-6.96739984999994,0 107.078680477,-6.96743003299997,0 107.07870246,-6.96746570099998,0 107.078713839,-6.96749297199995,0 107.078716198,-6.96749862499996,0 107.078725815,-6.96753017699996,0 107.078732687,-6.96756858799995,0 107.078734059,-6.96759465299994,0 107.078735433,-6.96763580799995,0 107.078746427,-6.96767010599996,0 107.078753296,-6.96769617099994,0 107.078762911,-6.96771949199996,0 107.078771492,-6.96773305499994,0 107.078773902,-6.96773686099993,0 107.078798631,-6.96777252899994,0 107.07880413,-6.96780819699995,0 107.078787642,-6.96783426299993,0 107.078772528,-6.96786032799997,0 107.078764615,-6.96787296699995,0 107.078758788,-6.96788227599995,0 107.07875192,-6.96790971499996,0 107.078747795,-6.96794675299998,0 107.078747851,-6.96794763799994,0 107.078750545,-6.96799065399995,0 107.078754979,-6.96801722999993,0 107.078756039,-6.96802357799993,0 107.078757414,-6.96805513099997,0 107.07875192,-6.96807845299998,0 107.078747848,-6.96808473299996,0 107.078736806,-6.96810177399993,0 107.078734055,-6.96811960799994,0 107.078738178,-6.96816213499994,0 107.078739273,-6.96816589899993,0 107.078750545,-6.96820466199995,0 107.078768392,-6.96824408399993,0 107.07879862,-6.96831267799996,0 107.078802739,-6.96837852699997,0 107.078793121,-6.96842791099994,0 107.078793122,-6.96845535099993,0 107.078785195,-6.96851841299997,0 107.07877967,-6.96859287999996,0 107.078754809,-6.96864804299997,0 107.078713376,-6.96868665399995,0 107.078696802,-6.96872250899997,0 107.078649846,-6.96879697799994,0 107.078611172,-6.96886041199997,0 107.078591838,-6.96889626699993,0 107.0785886,-6.96890309299994,0 107.078566977,-6.96894867199995,0 107.078539352,-6.96900659199997,0 107.078520018,-6.96906450999995,0 107.078495156,-6.96915000799993,0 107.078467533,-6.96921896099997,0 107.078461912,-6.96939135199995,0 107.078448101,-6.96949891799994,0 107.078470198,-6.96958165999996,0 107.078492297,-6.96966164399993,0 107.078506132,-6.96973461499994,0 107.078514419,-6.96979529199996,0 107.078492319,-6.96989734099998,0 107.078472983,-6.96997456399993,0 107.078472983,-6.97004075699994,0 107.07848127,-6.97012349999994,0 107.078506132,-6.97019796999996,0 107.078533757,-6.97025588899993,0 107.078555852,-6.97029725799996,0 107.07856972,-6.97035393099998,0 107.078583531,-6.97040909299994,0 107.078613914,-6.97049459299996,0 107.078647061,-6.97055526899993,0 107.078694019,-6.97063525199997,0 107.078727168,-6.97069041499998,0 107.078757551,-6.97073454399998,0 107.078796225,-6.97077315799993,0 107.078870806,-6.97083934999995,0 107.078921444,-6.97085944299994,0 107.078966032,-6.97088535699993,0 107.078989992,-6.97090662199997,0 107.07900929,-6.97093519199996,0 107.079017275,-6.97095180599996,0 107.079024599,-6.97097240499994,0 107.079030207,-6.97098791199994,0 107.079033248,-6.97099632599998,0 107.079103906,-6.97110067899996,0 107.079165242,-6.97115851699994,0 107.079202719,-6.97118743399994,0 107.07925383,-6.97122485899996,0 107.079310051,-6.97127419099996,0 107.079344123,-6.97132011799994,0 107.079383308,-6.97136434799995,0 107.079431011,-6.97142388499998,0 107.079454862,-6.97145790499997,0 107.079497637,-6.97152707899994,0 107.079586252,-6.97164469199993,0 107.079611807,-6.97171443399998,0 107.079647585,-6.97191176099994,0 107.079668046,-6.97206206199996,0 107.079662935,-6.97212840399993,0 107.079661232,-6.97220154899998,0 107.079659434,-6.97223629599995,0 107.079633265,-6.97232339099997,0 107.079589652,-6.97241484199998,0 107.079567847,-6.97249322599993,0 107.079567847,-6.97253677299994,0 107.079605466,-6.97262188399998,0 107.07982233,-6.97289230699994,0 107.079849228,-6.97293796599996,0 107.07985999,-6.97296750799995,0 107.079870748,-6.97302391399995,0 107.079878819,-6.97305614399994,0 107.079892268,-6.97312060299993,0 107.079903029,-6.97315014799995,0 107.079924546,-6.97317700399998,0 107.079962993,-6.97321159899997,0 107.079978839,-6.97323401099993,0 107.080005244,-6.97327092199993,0 107.080021091,-6.97329860599996,0 107.080036932,-6.97333156499997,0 107.080047517,-6.97335138399995,0 107.080078008,-6.97341094099994,0 107.08017539,-6.97362211099994,0 107.080318694,-6.97370581699994,0 107.080515749,-6.97385925199995,0 107.080518438,-6.97386060199995,0 107.080549708,-6.97387631599997,0 107.08036138,-6.97417174499998,0 107.080332826,-6.97421552899993,0 107.080288092,-6.97440493199997,0 107.080296658,-6.97469237199994,0 107.0801853,-6.97498647399993,0 107.080061568,-6.97526058699998,0 107.080018737,-6.97533197199994,0 107.0798912,-6.97545855699997,0 107.079677999,-6.97544237799997,0 107.079327742,-6.97553374999995,0 107.079147855,-6.97552708699993,0 107.078929896,-6.97545284799997,0 107.078815682,-6.97541001699994,0 107.078459011,-6.97527520499995,0 107.07801904,-6.97517397299993,0 107.077874367,-6.97516921599993,0 107.077703997,-6.97514542199997,0 107.077467003,-6.97513304799998,0 107.077395621,-6.97506261599995,0 107.07740133,-6.97491699399995,0 107.077352789,-6.97482086299993,0 107.077162433,-6.97476470599997,0 107.077062495,-6.97465430099993,0 107.076961037,-6.97457777799997,0 107.076729561,-6.97452599799993,0 107.076618392,-6.97438589599994,0 107.076385398,-6.97399756699997,0 107.07594283,-6.97386721699996,0 107.075584374,-6.97389249199995,0 107.075339196,-6.97402802699997,0 107.075171682,-6.97411635199995,0 107.075040715,-6.97426254499993,0 107.074949343,-6.97426102399993,0 107.074774215,-6.97413310199994,0 107.074524467,-6.97400518299997,0 107.074448325,-6.97402954799998,0 107.074388933,-6.97408893899996,0 107.074175735,-6.97438742099996,0 107.07408598,-6.97458672799996,0 107.073943298,-6.97474527199995,0 107.073678644,-6.97486475699998,0 107.073505678,-6.97490518899997,0 107.073179476,-6.97487125999993,0 107.073106898,-6.97502322499997,0 107.073060226,-6.97507687099994,0 107.07300009,-6.97510011599996,0 107.072877006,-6.97507008499997,0 107.072347587,-6.97466024699997,0 107.072084155,-6.97468113899993,0 107.07175636,-6.97475309599997,0 107.071412578,-6.97481477099996,0 107.071202422,-6.97494611699994,0 107.071059712,-6.97496301599995,0 107.070938587,-6.97519053399998,0 107.070659905,-6.97531959799994,0 107.070171068,-6.97573762199994,0 107.070048859,-6.97601401799994,0 107.070040864,-6.97617962899994,0 107.069620556,-6.97650514099996,0 107.069486164,-6.97685596699995,0 107.069375729,-6.97682575499994,0 107.068672913,-6.97679411199994,0 107.068276922,-6.97702919299996,0 107.067459694,-6.97737660499996,0 107.067391505,-6.97740559299996,0 107.067014108,-6.97766007099995,0 107.066590361,-6.97827412499993,0 107.066120171,-6.97839076599996,0 107.065951276,-6.97900922399998,0 107.065486292,-6.97937819699996,0 107.065004698,-6.97960831399996,0 107.06449395,-6.98008003499996,0 107.064216471,-6.98019257099998,0 107.063965337,-6.98017671799994,0 107.062921333,-6.97991569399994,0 107.062551112,-6.98020591699998,0 107.062173517,-6.98019390499996,0 107.061868574,-6.98013833899995,0 107.061565077,-6.98023848699995,0 107.061300997,-6.98025558599994,0 107.061148414,-6.98046684799993,0 107.061115546,-6.98075556999993,0 107.061043072,-6.98094178699995,0 107.060925404,-6.98108889099996,0 107.060606492,-6.98118587299996,0 107.059872668,-6.98194539499997,0 107.059881619,-6.98207831999997,0 107.060133106,-6.98228758599993,0 107.060162107,-6.98252180699996,0 107.060152957,-6.98270681099996,0 107.060059916,-6.98317209799995,0 107.060103636,-6.98333084999996,0 107.060224012,-6.98349441099998,0 107.059997253,-6.98403282999993,0 107.059784393,-6.98442471599998,0 107.059472917,-6.98462371799997,0 107.05942141,-6.98480232199995,0 107.059322703,-6.98495702699995,0 107.058880157,-6.98506209999994,0 107.058693151,-6.98510650099996,0 107.054821528,-6.98632662099993,0 107.054962833,-6.98805544499993,0 107.053212916,-6.98957191099993,0 107.050691646,-6.99075102699993,0 107.04870566,-6.99185256799996,0 107.048207231,-6.99237929999993,0 107.047561374,-6.99284326699996,0 107.043013622,-6.99684600399996,0 107.042999509,-6.99685201699998,0 107.042967327,-6.99677984499993,0 107.042800726,-6.99663270499997,0 107.042596081,-6.99656800499997,0 107.042396771,-6.99650499099994,0 107.042134007,-6.99639398199997,0 107.042126052,-6.99639062099993,0 107.041897696,-6.99621360599997,0 107.041743975,-6.99609444499993,0 107.041674539,-6.99601999499993,0 107.041600419,-6.99594052299994,0 107.041573494,-6.99586991699994,0 107.041559242,-6.99583254199996,0 107.041575469,-6.99581069499993,0 107.041602055,-6.99577490299993,0 107.041635167,-6.99573032399996,0 107.041692681,-6.99565289199995,0 107.041821731,-6.99550862699994,0 107.041852849,-6.99542994899997,0 107.041767467,-6.99529552799993,0 107.041651807,-6.99521694599997,0 107.041626262,-6.99519958999997,0 107.041604085,-6.99519368799997,0 107.041577128,-6.99518651299996,0 107.041541545,-6.99516774599994,0 107.041538782,-6.99516628899994,0 107.041536019,-6.99516483199994,0 107.04145981,-6.99514046399997,0 107.04139887,-6.99509988299997,0 107.041360604,-6.99507440199994,0 107.041249549,-6.99500044999996,0 107.04121179,-6.99497530599996,0 107.041192623,-6.99495234799997,0 107.041179655,-6.99493681499996,0 107.041157163,-6.99490987399997,0 107.041105348,-6.99480863799994,0 107.041017985,-6.99447753299995,0 107.041012553,-6.99445694599996,0 107.041009632,-6.99444591099996,0 107.041006711,-6.99443487699995,0 107.04098744,-6.99437587799997,0 107.040968256,-6.99431714599996,0 107.040968234,-6.99431707999997,0 107.04096026,-6.99429266799996,0 107.040948823,-6.99425765499996,0 107.040846292,-6.99394375799994,0 107.04083229,-6.99392055499993,0 107.040825958,-6.99391006099995,0 107.040819625,-6.99389956699997,0 107.040749799,-6.99375818299995,0 107.040689375,-6.99363583499996,0 107.040626004,-6.99350752099997,0 107.040549307,-6.99321237899994,0 107.040518681,-6.99308550299997,0 107.040473416,-6.99300265499994,0 107.040291151,-6.99277323199993,0 107.040282136,-6.99276527399996,0 107.040273117,-6.99275731199998,0 107.040179841,-6.99267497499994,0 107.040087692,-6.99261577999994,0 107.039880177,-6.99243484199997,0 107.039805134,-6.99229126199998,0 107.039849342,-6.99217845499993,0 107.039918334,-6.99197848999995,0 107.039915697,-6.99196607999994,0 107.03991306,-6.99195366999993,0 107.039884648,-6.99187757599998,0 107.039861026,-6.99181431199997,0 107.039817595,-6.99173702799993,0 107.039789638,-6.99168727899996,0 107.039759087,-6.99166832499998,0 107.039751117,-6.99166337999998,0 107.039703882,-6.99165119199995,0 107.039661676,-6.99164030099996,0 107.039552299,-6.99161207899994,0 107.039336863,-6.99154274599994,0 107.03921902,-6.99150482099998,0 107.03917113,-6.99147439499995,0 107.038963633,-6.99134256699995,0 107.038963565,-6.99134236799995,0 107.038963498,-6.99134216999994,0 107.03892624,-6.99123265299994,0 107.038912468,-6.99110923599994,0 107.038865332,-6.99068682399997,0 107.038768126,-6.99062554399995,0 107.038698046,-6.99057029299996,0 107.038602207,-6.99049473399998,0 107.038536274,-6.99033603599997,0 107.038388229,-6.98989318299994,0 107.038082479,-6.98928576299994,0 107.03796627,-6.98921259699995,0 107.037913291,-6.98917923999994,0 107.037708013,-6.98913190599995,0 107.037707197,-6.98913191599996,0 107.037706381,-6.98913192599997,0 107.037482459,-6.98913463099996,0 107.03748216,-6.98913463499997,0 107.037481861,-6.98913463799994,0 107.03732366,-6.98917857599997,0 107.037189664,-6.98921579199992,0 107.037068915,-6.98924100999994,0 107.037008492,-6.98925362899996,0 107.036822567,-6.98929245999994,0 107.036718138,-6.98928696299993,0 107.036522023,-6.98927662799997,0 107.035730683,-6.98923643699993,0 107.035730439,-6.98923623699994,0 107.035730194,-6.98923603699996,0 107.035685511,-6.98919943799996,0 107.035655254,-6.98917465499994,0 107.035588424,-6.98911991599994,0 107.035578164,-6.98910086599994,0 107.035551983,-6.98905225599998,0 107.035509861,-6.98897404799993,0 107.035478367,-6.98891557199994,0 107.03540284,-6.98853225099998,0 107.035329453,-6.98829224399998,0 107.035277149,-6.98812118499995,0 107.035247122,-6.98808022699995,0 107.035173772,-6.98798017899998,0 107.035124177,-6.98791253399997,0 107.034928583,-6.98774598799997,0 107.03488825,-6.98771164499993,0 107.034850838,-6.98769709799996,0 107.034650069,-6.98761903299993,0 107.034576543,-6.98761022899993,0 107.034319276,-6.98757942699996,0 107.034071689,-6.98756856099993,0 107.03339694,-6.98753894799995,0 107.033396632,-6.98753872199995,0 107.033396324,-6.98753849599996,0 107.033175576,-6.98737664199996,0 107.033037266,-6.98717907299994,0 107.033042985,-6.98713925399994,0 107.03305367,-6.98706486999993,0 107.033054473,-6.98705927699996,0 107.033129029,-6.98697442199995,0 107.033158501,-6.98694087799993,0 107.033247218,-6.98689957299996,0 107.033338086,-6.98685726599996,0 107.033404734,-6.98683145299998,0 107.033786928,-6.98668342599996,0 107.033941871,-6.98651103399993,0 107.034026144,-6.98633816299997,0 107.034035428,-6.98631911899997,0 107.034042424,-6.98630476799997,0 107.034042484,-6.98630443199994,0 107.034044138,-6.98629508999994,0 107.034087045,-6.98605280999993,0 107.034086257,-6.98579891199995,0 107.034085921,-6.98569050499998,0 107.034084096,-6.98510263999998,0 107.033998062,-6.98503000999995,0 107.033991345,-6.98502822999995,0 107.033984626,-6.98502644899997,0 107.033964469,-6.98502110599998,0 107.033817611,-6.98498217899993,0 107.033531174,-6.98488630199995,0 107.033512269,-6.98487221599993,0 107.033330388,-6.98473669799995,0 107.033302947,-6.98471625199994,0 107.033295084,-6.98470981599996,0 107.033287222,-6.98470337999993,0 107.03299906,-6.98446750499994,0 107.03284081,-6.98433796899997,0 107.032793426,-6.98429361999996,0 107.032641327,-6.98415126399993,0 107.032543931,-6.98373304399996,0 107.032568996,-6.98361107699998,0 107.032585114,-6.98353264299993,0 107.032586184,-6.98352743599997,0 107.032587254,-6.98352222999995,0 107.032615957,-6.98338255999994,0 107.032700122,-6.98297300199994,0 107.032693392,-6.98280381499995,0 107.032690163,-6.98272263199993,0 107.032669891,-6.98221301499996,0 107.032579989,-6.98185196999998,0 107.032525015,-6.98169432399993,0 107.032484477,-6.98157807499996,0 107.032472947,-6.98154501099998,0 107.032399156,-6.98136704799998,0 107.032351958,-6.98125322099997,0 107.03231207,-6.98115702199993,0 107.032477014,-6.98055098499998,0 107.03261702,-6.98027001699995,0 107.03268618,-6.97968194199996,0 107.032789319,-6.97947418099994,0 107.032822002,-6.97940834499997,0 107.032965148,-6.97911999499996,0 107.032980181,-6.97908985999993,0 107.033141211,-6.97876705599998,0 107.033162459,-6.97823244799997,0 107.03316494,-6.97817002499994,0 107.033198021,-6.97771798199994,0 107.033302068,-6.97733799899993,0 107.033388836,-6.97694911799994,0 107.033316822,-6.97654193699998,0 107.033356894,-6.97642751099994,0 107.03336097,-6.97641587299995,0 107.033406643,-6.97628545399994,0 107.033456172,-6.97614402299996,0 107.033547342,-6.97609046099996,0 107.03386295,-6.97590504299995,0 107.033888596,-6.97588997599996,0 107.033983853,-6.97583401299994,0 107.034389942,-6.97569703299996,0 107.034734211,-6.97558696099998,0 107.035235972,-6.97527699999995,0 107.03534395,-6.97523725099995,0 107.035419934,-6.97520927899996,0 107.035573519,-6.97515274099993,0 107.035763435,-6.97508282899997,0 107.035782096,-6.97507595999997,0 107.035879133,-6.97506559299995,0 107.036399848,-6.97500996299993,0 107.036400663,-6.97500946699995,0 107.036401477,-6.97500897099997,0 107.036743014,-6.97480098799997,0 107.036916126,-6.97387794599996,0 107.036927954,-6.97381673899997,0 107.037047829,-6.97319643999998,0 107.037062988,-6.97311799999994,0 107.037174953,-6.97258405699995,0 107.037218218,-6.97222196499996,0 107.037209233,-6.97184615499998,0 107.037206981,-6.97175195299997,0 107.037207533,-6.97175087699998,0 107.037277987,-6.97161360699994,0 107.037332902,-6.97150661099994,0 107.037349166,-6.97147492299996,0 107.037434818,-6.97130803999994,0 107.037627853,-6.97096399099996,0 107.037529349,-6.97054755999994,0 107.03745683,-6.97024098299994,0 107.037343277,-6.96995163399993,0 107.037237895,-6.96968310599993,0 107.037233932,-6.96967300799997,0 107.037275754,-6.96951278299997,0 107.037327644,-6.96931398799995,0 107.037335804,-6.96928272799994,0 107.037363913,-6.96917503699996,0 107.037405187,-6.96913408099994,0 107.03778517,-6.96875701899995,0 107.037959586,-6.96858029299995,0 107.038234374,-6.96830186399995,0 107.038716844,-6.96781300299995,0 107.039359129,-6.96706903199993,0 107.040088049,-6.96622499699993,0 107.040201669,-6.96612957499997,0 107.040791829,-6.96563393699995,0 107.04102084,-6.96534821199998,0 107.041089955,-6.96526197999998,0 107.04119399,-6.96486403299997,0 107.041173899,-6.96425895999994,0 107.041154042,-6.96361698399994,0 107.041302448,-6.96335740299997,0 107.041308321,-6.96334712999993,0 107.041314194,-6.96333685799993,0 107.041547922,-6.96292803699993,0 107.041699146,-6.96279105799994,0 107.041881723,-6.96268275199998,0 107.041885686,-6.96268040099994,0 107.042217831,-6.96262704799994,0 107.042218044,-6.96262724999997,0 107.042218257,-6.96262745199994,0 107.042353961,-6.96275598299997,0 107.042413213,-6.96281210299998,0 107.042430345,-6.96282832899993,0 107.042437612,-6.96283030299998,0 107.042444879,-6.96283227699996,0 107.04250156,-6.96284767499998,0 107.042597468,-6.96284890699997,0 107.04263201,-6.96284935099993,0 107.042637098,-6.96284941599993,0 107.042637159,-6.96284941699997,0 107.042654572,-6.96284964099993,0 107.042799047,-6.96285149799996,0 107.04301315,-6.96285424899997,0 107.043551412,-6.96286116599993,0 107.043553004,-6.96286118599994,0 107.043755141,-6.96287678899995,0 107.043755605,-6.96287682499997,0 107.04375607,-6.96287686099993,0 107.043781462,-6.96290114199996,0 107.044038443,-6.96314688399997,0 107.044038915,-6.96314733499997,0 107.044039387,-6.96314778699997,0 107.044189176,-6.96311077099995,0 107.044448329,-6.96304672899993,0 107.044503456,-6.96302186699995,0 107.044719123,-6.96292460099994,0 107.044767622,-6.96290272799996,0 107.044786743,-6.96289410399993,0 107.04478849,-6.96289331599996,0 107.045129273,-6.96253397499993,0 107.045190706,-6.96246919699996,0 107.045235509,-6.96242195399998,0 107.045268481,-6.96239413699993,0 107.045309301,-6.96235969899993,0 107.045309907,-6.96235984499998,0 107.045310512,-6.96235998999992,0 107.045349637,-6.96236939699997,0 107.045383214,-6.96237746899993,0 107.045430747,-6.96246206599994,0 107.045469012,-6.96253016899993,0 107.045481203,-6.96256517999996,0 107.045530183,-6.96270584799993,0 107.045559607,-6.96273129999997,0 107.045579045,-6.96274811499995,0 107.045579811,-6.96274877699994,0 107.045580576,-6.96274943899994,0 107.045741602,-6.96256984299993,0 107.045789676,-6.96224198999994,0 107.045818607,-6.96204469399993,0 107.045827265,-6.96198564699995,0 107.045902334,-6.96165973199993,0 107.045929993,-6.96153964899997,0 107.046001235,-6.96136704999998,0 107.046048924,-6.96131724899993,0 107.046104577,-6.96125913099996,0 107.046183861,-6.96130701399994,0 107.046494133,-6.96149440099992,0 107.046507971,-6.96150275899993,0 107.046666276,-6.96159098499993,0 107.046742127,-6.96159244699993,0 107.046742138,-6.96159232599996,0 107.046742148,-6.96159220499993,0 107.046759098,-6.96139435399994,0 107.046760076,-6.96138293199994,0 107.046761055,-6.96137150999994,0 107.046755609,-6.96129499199998,0 107.046740669,-6.96108507299994,0 107.046768831,-6.96091529099994,0 107.04683929,-6.96083768299997,0 107.046901751,-6.96083455199994,0 107.047060161,-6.96082660999997,0 107.047313689,-6.96081443899993,0 107.047591825,-6.96071465899996,0 107.047592015,-6.96071455899994,0 107.047592203,-6.96071446099995,0 107.047593119,-6.96071398199996,0 107.047835453,-6.96058728299994,0 107.047835833,-6.96058725099994,0 107.047836214,-6.96058721799994,0 107.047996789,-6.96057357599994,0 107.048197719,-6.96067409699998,0 107.048254412,-6.96070245999994,0 107.048391168,-6.96076849799994,0 107.04850332,-6.96082265499996,0 107.048503401,-6.96082269399994,0 107.048514699,-6.96082446599996,0 107.04852604,-6.96082624499996,0 107.048645378,-6.96084495999997,0 107.048646388,-6.96084511799995,0 107.048647398,-6.96084527699998,0 107.048860721,-6.96074812699993,0 107.048930311,-6.96071425899993,0 107.048978441,-6.96069083499998,0 107.048979003,-6.96069099899995,0 107.048979566,-6.96069116399997,0 107.049014349,-6.96070132399996,0 107.049066687,-6.96071661099995,0 107.049078712,-6.96072012299993,0 107.049090734,-6.96072363499997,0 107.049266415,-6.96099846799996,0 107.049315356,-6.96107226899994,0 107.049345645,-6.96111794499996,0 107.049349116,-6.96112318299993,0 107.049352585,-6.96112841999997,0 107.049383579,-6.96114884299993,0 107.049384868,-6.96114969199994,0 107.049386156,-6.96115054099994,0 107.049407831,-6.96116133199996,0 107.049431682,-6.96117320599996,0 107.049476793,-6.96118172799993,0 107.04947778,-6.96118191699998,0 107.049478767,-6.96118210599997,0 107.049519598,-6.96130245199993,0 107.049544486,-6.96137580799996,0 107.04968613,-6.96169147299997,0 107.049706052,-6.96173587099997,0 107.049706355,-6.96173678499997,0 107.049708063,-6.96174193499996,0 107.049711782,-6.96175314999994,0 107.049760642,-6.96184835799994,0 107.049761633,-6.96185028999997,0 107.049771086,-6.96186870999998,0 107.049775353,-6.96187702499998,0 107.049917372,-6.96200084199995,0 107.050026524,-6.96209600499998,0 107.050026653,-6.96209611699993,0 107.050026782,-6.96209622999993,0 107.050118569,-6.96213393599993,0 107.050723462,-6.96238242599998,0 107.050958068,-6.96249236999995,0 107.050959533,-6.96249374099995,0 107.05117155,-6.96269212999994,0 107.051372971,-6.96309680799993,0 107.051475519,-6.96330283999993,0 107.051492046,-6.96333187499994,0 107.051593593,-6.96351027299994,0 107.051871656,-6.96392526499994,0 107.05188899,-6.96395113399996,0 107.051922285,-6.96399370799998,0 107.052059377,-6.96416900799994,0 107.052489401,-6.96426259699996,0 107.052543176,-6.96427429699997,0 107.052919461,-6.96429905699995,0 107.053083098,-6.96430982499993,0 107.053085841,-6.96431000499996,0 107.053086706,-6.96431006199998,0 107.053087491,-6.96431011399994,0 107.053087533,-6.96431011699997,0 107.05308757,-6.96431011899995,0 107.053169232,-6.96422818999997,0 107.053187065,-6.96421029799995,0 107.05321124,-6.96416091499998,0 107.05322064,-6.96414171299995,0 107.053312146,-6.96395479099994,0 107.053433221,-6.96372038299995,0 107.053481957,-6.96367183699994,0 107.053783286,-6.96337167899998,0 107.054021194,-6.96321090299995,0 107.054114879,-6.96317133399998,0 107.055543988,-6.96299087099993,0 107.056366967,-6.96267522299996,0 107.056405831,-6.96266031699997,0 107.056719514,-6.96255046899995,0 107.056986781,-6.96252482599994,0 107.057275576,-6.96249711699994,0 107.057552073,-6.96252407399993,0 107.058078307,-6.96251031199995,0 107.058087651,-6.96251032499993,0 107.058097026,-6.96251033899995,0 107.058460008,-6.96250048699994,0 107.058522441,-6.96249151799998,0 107.058874428,-6.96245190799993,0 107.059233058,-6.96246081499993,0 107.059588131,-6.96246203099997,0 107.05968964,-6.96246237899993,0 107.059753019,-6.96246084599994,0 107.059786713,-6.96245789199997,0 107.062222725,-6.96224433499998,0 107.062879092,-6.96213264799997,0 107.06296756,-6.96210173999998,0 107.063447068,-6.96193421299995,0 107.06355882,-6.96189516999993,0 107.063571535,-6.96188480699993,0 107.063638637,-6.96183011999995,0 107.063822231,-6.96168049199997,0 107.063976755,-6.96153927999995,0 107.06397725,-6.96153440499995,0 107.063984687,-6.96146120299994,0 107.063935382,-6.96127050899997,0 107.063862325,-6.96114803299997,0 107.063734895,-6.96093440199996,0 107.063599788,-6.96072141399998,0 107.063561984,-6.96062110599996,0 107.063544639,-6.96057508299998,0 107.063532183,-6.96034317999994,0 107.06349704,-6.96010582899993,0 107.063447921,-6.95977409099993,0 107.063441347,-6.95972969099995,0 107.06339265,-6.95934805899998,0 107.063316067,-6.95888873399997,0 107.06328271,-6.95868867299993,0 107.063253797,-6.95851526199993,0 107.063176771,-6.95831052499994,0 107.063141553,-6.95821691699996,0 107.063096202,-6.95809637399998,0 107.063074836,-6.95803958499994,0 107.062894419,-6.95771325599998,0 107.062847198,-6.95762784599998,0 107.062820906,-6.95758028999995,0 107.062438276,-6.95697597199995,0 107.062437839,-6.95697528099993,0 107.062437401,-6.95697458999996,0 107.062394422,-6.95689830299995,0 107.062307293,-6.95674364999996,0 107.062250214,-6.95664233599996,0 107.062217536,-6.95658733899995,0 107.062117916,-6.95641968299998,0 107.062005575,-6.95633861399995,0 107.061957047,-6.95631009999994,0 107.061844181,-6.95624378299993,0 107.061842152,-6.95624202999994,0 107.061839897,-6.95624008199997,0 107.061833359,-6.95623443399995,0 107.061730227,-6.95614533899993,0 107.061708411,-6.95612649299994,0 107.061429603,-6.95588563199993,0 107.061372102,-6.95582326299996,0 107.061352052,-6.95580151599995,0 107.061301146,-6.95574630099998,0 107.061146814,-6.95557890399994,0 107.061043039,-6.95546634399994,0 107.061038228,-6.95546112599993,0 107.061022288,-6.95544383699996,0 107.061010402,-6.95543094499993,0 107.061003428,-6.95542337999996,0 107.060840238,-6.95533180699994,0 107.060816045,-6.95531823099998,0 107.060569262,-6.95517974999996,0 107.060341257,-6.95508603499997,0 107.060293643,-6.95506646499996,0 107.060286565,-6.95506321199997,0 107.060262354,-6.95505208399993,0 107.060025421,-6.95494318499993,0 107.059877262,-6.95487508899993,0 107.059775819,-6.95482846399995,0 107.059764602,-6.95482330799996,0 107.059753384,-6.95481815199997,0 107.059534194,-6.95471572599996,0 107.059459605,-6.95469487799994,0 107.059384649,-6.95467392799998,0 107.059309811,-6.95465300999996,0 107.059138749,-6.95458607599994,0 107.059073975,-6.95456073099996,0 107.059042163,-6.95452580999995,0 107.059017801,-6.95449906699997,0 107.058979474,-6.95445699499993,0 107.058955898,-6.95442557899997,0 107.058820129,-6.95424465899993,0 107.058799468,-6.95421712699994,0 107.058782563,-6.95419459899995,0 107.05878232,-6.95419427599995,0 107.058638631,-6.95398299299995,0 107.058623482,-6.95395873199993,0 107.058579792,-6.95388876299995,0 107.058561748,-6.95385986499997,0 107.058520495,-6.95379379999997,0 107.05850045,-6.95376169799994,0 107.058494321,-6.95375188199995,0 107.058488192,-6.95374206699995,0 107.058483589,-6.95373469599997,0 107.058543724,-6.95363996099996,0 107.058998994,-6.95292276399994,0 107.059095707,-6.95277040999997,0 107.059323591,-6.95238718999997,0 107.059980527,-6.95139898799994,0 107.060018792,-6.95136665799993,0 107.060054117,-6.95132550899996,0 107.060192789,-6.95103321399995,0 107.060233999,-6.95093916299993,0 107.060295813,-6.95083629799996,0 107.060393149,-6.95076824399996,0 107.06049323,-6.95071534299996,0 107.060499581,-6.95071103899994,0 107.060575648,-6.95065949899993,0 107.060613913,-6.95059190199993,0 107.060646293,-6.95055663399995,0 107.060803353,-6.95029057899995,0 107.061019874,-6.95012570899996,0 107.061134806,-6.95005907699993,0 107.061279836,-6.94997499499993,0 107.061393367,-6.94993386299996,0 107.061501632,-6.94990161499993,0 107.061626017,-6.94987791899996,0 107.061773111,-6.94987035199995,0 107.061858009,-6.94987068199993,0 107.062052489,-6.94988154199996,0 107.06229962,-6.94990819599997,0 107.062312501,-6.94990972599993,0 107.062496071,-6.94993155899994,0 107.062627038,-6.94994011499995,0 107.062787951,-6.94995722699997,0 107.062940309,-6.94997631099994,0 107.063111424,-6.94999145099996,0 107.063246429,-6.95000568999995,0 107.063357899,-6.95001744999996,0 107.063499066,-6.95003455799997,0 107.063639905,-6.95004870899993,0 107.063766691,-6.95005907699993,0 107.063796871,-6.95006154499993,0 107.06394528,-6.95007997199997,0 107.064091718,-6.95009938499993,0 107.064167729,-6.95010860299993,0 107.064323379,-6.95014084999997,0 107.06450009,-6.95016553099993,0 107.064637308,-6.95018692099995,0 107.064852191,-6.95022278899995,0 107.065546218,-6.95030804099997,0 107.065547786,-6.95030823099995,0 107.066016499,-6.95036580799996,0 107.066440908,-6.95042732899998,0 107.066682925,-6.95047862899997,0 107.066799202,-6.95051912799994,0 107.066974047,-6.95059253899996,0 107.067087619,-6.95065463899994,0 107.067115531,-6.95067618399997,0 107.067248515,-6.95077883799996,0 107.067421851,-6.95091983999993,0 107.067767726,-6.95121275599996,0 107.068123125,-6.95153404899997,0 107.068558426,-6.95191831299996,0 107.068694342,-6.95203026899998,0 107.068944569,-6.95224999099997,0 107.069406319,-6.95264824599997,0 107.069415476,-6.95265614399995,0 107.069920386,-6.95309142099995,0 107.070299912,-6.95341898599997,0 107.070430526,-6.95353172099993,0 107.070977005,-6.95400985299995,0 107.071535992,-6.95449924299993,0 107.071879776,-6.95479071799997,0 107.07218234,-6.95505450099995,0 107.072584354,-6.95539311199997,0 107.072953693,-6.95571515199993,0 107.073349532,-6.95606565699995,0 107.073730578,-6.95643695099994,0 107.073834808,-6.95655919099994,0 107.074075082,-6.95688230999997,0 107.074480628,-6.95739517599998,0 107.074729059,-6.95771143699994,0 107.075003637,-6.95807601699994,0 107.075188315,-6.95827772899997,0 107.075240286,-6.95832832599996,0 107.075345852,-6.95842346299997,0 107.075419912,-6.95848054499993,0 107.075537175,-6.95854870499994,0 107.07564112,-6.95859929999995,0 107.075781443,-6.95865767799995,0 107.075941257,-6.95870308399998,0 107.07619769,-6.95876051199997,0 107.076519912,-6.95881759499997,0 107.076819099,-6.95886978499993,0 107.077310233,-6.95894113799994,0 107.077733256,-6.95900121899996,0 107.078103553,-6.95906478899997,0 107.078349533,-6.95914413299994,0 107.078582109,-6.95925310999996,0 107.078794172,-6.95939622899994,0 107.078920403,-6.95950957799994,0 107.079013952,-6.95961336499994,0 107.079106352,-6.95973833899995,0 107.079214195,-6.95990698999998,0 107.079318245,-6.96008785499993,0 107.079452271,-6.96033875999996,0 107.079567972,-6.96055210699996,0 107.079700622,-6.96080196199995,0 107.079890406,-6.96116053399993,0 107.08004779,-6.96146343499993,0 107.080245542,-6.96182034599997,0 107.080410291,-6.96211211399998,0</coordinates></LinearRing></outerBoundaryIs></Polygon></MultiGeometry>
  </Placemark>
</Folder>
</Document></kml>
